Company Name,Prowess company code,CIN code,Industry group,Industry group code,Industry type,NIC name,NIC code,ISIN code,NSE symbol
360 One Wam Ltd.,384392,L74140MH2008PLC177884,Other fund based financial services,1.0224E+14,2,"Monetary intermediation of commercial banks, saving banks. postal savings bank and discount houses",64191,INE466L01038,360ONE
3M India Ltd.,36277,L31300KA1987PLC013543,"Plastic furniture, floorings & miscellaneous items",1.01012E+14,1,Manufacture of other plastics products n.e.c.,22209,INE470A01017,3MINDIA
A B B India Ltd.,21420,L32202KA1949PLC032923,"Generators, transformers & switchgears",1.01014E+14,1,"Manufacture of electric motors, generators, transformers and electricity distribution and control apparatus",2710,INE117A01022,ABB
A C C Ltd.,23354,L26940GJ1936PLC149771,Cement,1.01013E+14,1,Manufacture of clinkers and cement,23941,INE012A01025,ACC
A I A Engineering Ltd.,1120,L29259GJ1991PLC015182,Castings & forgings,1.01014E+14,1,Manufacture of other iron and steel casting and products thereof,24319,INE212H01026,AIAENG
A P L Apollo Tubes Ltd.,35548,L74899DL1986PLC023443,Steel pipes & tubes,1.01014E+14,1,"Manufacture of tubes, pipes and hollow profiles and of tube or pipe fittings of cast-iron/cast-steel",24311,INE702C01027,APLAPOLLO
A U Small Finance Bank Ltd.,380713,L36911RJ1996PLC011381,Banking services,1.0201E+14,3,"Monetary intermediation of commercial banks, saving banks. postal savings bank and discount houses",64191,INE949L01017,AUBANK
A W L Agri Business Ltd.,5759,L15146GJ1999PLC035320,Vegetable oils & products,1.01011E+14,1,Manufacture of vegetable oils and fats excluding corn oil,10402,INE699H01024,AWL
Aadhar Housing Finance Ltd.,270280,L66010KA1990PLC011409,Housing finance services,1.0216E+14,2,Activities of specialized institutions granting credit for house purchases that also take deposits,64192,INE883F01010,AADHARHFC
Aarti Industries Ltd.,3998,L24110GJ1984PLC007301,Other chemical products,1.01012E+14,1,"Manufacture  of  various  other  chemical  products  n.e.c.(antiknock preparations, anti-freeze preparations, liquids for hydraulic transmission, composite diagnostic or laboratory reagents, writing or drawing ink, chemical substance used in manufacturing of pesticides and other chemical products)",20299,INE769A01020,AARTIIND
Aavas Financiers Ltd.,441726,L65922RJ2011PLC034297,Housing finance services,1.0216E+14,2,Activities of specialized institutions granting credit for house purchases that also take deposits,64192,INE216P01012,AAVAS
Abbott India Ltd.,121704,L24239MH1944PLC007330,Drugs & pharmaceuticals,1.01012E+14,1,Manufacture of allopathic pharmaceutical preparations,21002,INE358A01014,ABBOTINDIA
Acme Solar Holdings Ltd.,530052,L40106HR2015PLC102129,Industrial construction,1.0106E+14,1,Construction and maintenance of power plants,42201,INE622W01025,ACMESOLAR
Action Construction Equipment Ltd.,369475,L74899HR1995PLC053860,Mining & construction equipment,1.01014E+14,1,Manufacture of other lifting and handling equipment and parts thereof,28162,INE731H01025,ACE
Adani Energy Solutions Ltd.,502255,L40300GJ2013PLC077803,Diversified,1.1E+14,1,Diversified,34,INE931S01010,ADANIENSOL
Adani Enterprises Ltd.,5747,L51100GJ1993PLC019067,Wholesale trading,1.0104E+14,1,"Wholesale of solid, liquid and gaseous fuels and related products",46610,INE423A01024,ADANIENT
Adani Green Energy Ltd.,527121,L40106GJ2015PLC082007,Wholesale trading,1.0104E+14,1,Wholesale of other electronic equipments and parts thereof,46529,INE364U01010,ADANIGREEN
Adani Ports & Special Economic Zone Ltd.,86597,L63090GJ1998PLC034182,Shipping transport infrastructure services,1.01041E+14,1,Service activities incidental to water transportation,52220,INE742F01042,ADANIPORTS
Adani Power Ltd.,5757,L40100GJ1996PLC030533,Conventional electricity,1.0103E+14,1,Electric power generation by coal based thermal power plants,35102,INE814H01029,ADANIPOWER
Adani Total Gas Ltd.,389247,L40100GJ2005PLC046553,Natural gas trading & distribution,1.0104E+14,1,"Storage and warehousing n.e.c.[Includes general merchandise warehouses and warehousing of furniture, automobiles, gas and oil, chemicals, textiles etc. Also included is storage of goods in foreign trade zones]",52109,INE399L01023,ATGL
Aditya Birla Capital Ltd.,385189,L64920GJ2007PLC058890,Other fund based financial services,1.0224E+14,2,"Other financial service activities, except insurance and pension funding activities, n.e.c.",64990,INE674K01013,ABCAPITAL
Aditya Birla Fashion & Retail Ltd.,374960,L18101MH2007PLC233901,Retail trading,1.0104E+14,1,"Retail sale of readymade garments, hosiery goods, other articles of clothing and clothing accessories such as gloves, ties, braces etc.",47711,INE647O01011,ABFRL
Aditya Birla Lifestyle Brands Ltd.,730483,L46410MH2024PLC423195,Readymade garments,1.01012E+14,1,"Manufacture of wearing apparel, except fur apparel",1410,INE14LE01019,ABLBL
Aditya Birla Real Estate Ltd.,43750,L17120MH1897PLC000163,Diversified,1.1E+14,1,Diversified,34,INE055A01016,ABREL
Aditya Birla Sun Life A M C Ltd.,36379,L65991MH1994PLC080811,Asset management services (mutual funds),1.02281E+14,2,Management of mutual funds,66301,INE404A01024,ABSLAMC
Aegis Logistics Ltd.,7068,L63090GJ1956PLC001032,Storage & distribution,1.01042E+14,1,"Storage and warehousing n.e.c.[Includes general merchandise warehouses and warehousing of furniture, automobiles, gas and oil, chemicals, textiles etc. Also included is storage of goods in foreign trade zones]",52109,INE208C01025,AEGISLOG
Aegis Vopak Terminals Ltd.,497586,U63030GJ2013PLC075304,Storage & distribution,1.01042E+14,1,"Storage and warehousing n.e.c.[Includes general merchandise warehouses and warehousing of furniture, automobiles, gas and oil, chemicals, textiles etc. Also included is storage of goods in foreign trade zones]",52109,INE0INX01018,AEGISVOPAK
Afcons Infrastructure Ltd.,7231,L45200MH1976PLC019335,Industrial construction,1.0106E+14,1,Construction of utility projects n.e.c.,42209,INE101I01011,AFCONS
Affle 3I Ltd.,249245,L65990DL1994PLC408172,Business services & consultancy,1.01042E+14,1,Advertising,73100,INE00WC01027,AFFLE
Ajanta Pharma Ltd.,8893,L24230MH1979PLC022059,Drugs & pharmaceuticals,1.01012E+14,1,Manufacture of allopathic pharmaceutical preparations,21002,INE031B01049,AJANTPHARM
Akums Drugs & Pharmaceuticals Ltd.,385108,L24239DL2004PLC125888,Drugs & pharmaceuticals,1.01012E+14,1,"Manufacture of pharmaceuticals, medicinal chemical and botanical products",2100,INE09XN01023,AKUMS
Akzo Nobel India Ltd.,96407,L24292WB1954PLC021516,Paints & varnishes,1.01013E+14,1,"Manufacture of paints and varnishes, enamels or lacquers",20221,INE133A01011,AKZOINDIA
Alembic Pharmaceuticals Ltd.,393826,L24230GJ2010PLC061123,Drugs & pharmaceuticals,1.01012E+14,1,Manufacture of other pharmaceutical and botanical products n.e.c. like hina powder etc.,21009,INE901L01018,APLLTD
Alkem Laboratories Ltd.,10884,L00305MH1973PLC174201,Drugs & pharmaceuticals,1.01012E+14,1,Manufacture of allopathic pharmaceutical preparations,21002,INE540L01014,ALKEM
Alkyl Amines Chemicals Ltd.,10903,L99999MH1979PLC021796,Organic chemicals,1.01012E+14,1,Manufacture of organic and inorganic chemical compounds n.e.c.,20119,INE150B01039,ALKYLAMINE
Alok Industries Ltd.,11599,L17110DN1986PLC000334,Diversified cotton textile,1.01012E+14,1,Finishing of cotton and blended cotton textiles.,13131,INE270A01029,ALOKINDS
Amara Raja Energy & Mobility Ltd.,12517,L31402AP1985PLC005305,Storage batteries,1.01015E+14,1,"Manufacture of primary cells and primary batteries nd rechargable batteries, cells containing manganese oxide, mercuric oxide silver oxide or other material",27201,INE885A01032,ARE&M
Amber Enterprises India Ltd.,12881,L28910PB1990PLC010265,Air-conditioners & refrigerators,1.01013E+14,1,"Manufacture of other general purpose machinery n.e.c. ( fans intended for industrial applications, exhaust hoods for commercial, laboratory or industrial use; calendering or other rolling machines other than for metals or glass; gaskets and similar joints made of a combination of materials or layers of the same material and other general purpose machinery including Manufacture of parts and accessories for general purpose machinery and equipment.)",28199,INE371P01015,AMBER
Ambuja Cements Ltd.,86607,L26942GJ1981PLC004717,Cement,1.01013E+14,1,Manufacture of clinkers and cement,23941,INE079A01024,AMBUJACEM
Anand Rathi Wealth Ltd.,375563,L67120MH1995PLC086696,Other fund based financial services,1.0224E+14,2,"Trusts, funds and other financial vehicles",64300,INE463V01026,ANANDRATHI
Anant Raj Ltd.,14897,L45400HR1985PLC021622,Housing construction,1.0106E+14,1,Construction of buildings carried out on own-account basis or on a fee or contract basis,41001,INE242C01024,ANANTRAJ
Angel One Ltd.,130887,L67120MH1996PLC101709,Securities broking,1.0228E+14,2,Security and commodity contracts brokerage,66120,INE732I01013,ANGELONE
Apar Industries Ltd.,17728,L91110GJ1989PLC012802,Wires & cables,1.01014E+14,1,"Manufacture of other electronic and electric wires and cables (insulated wire and cable made of steel, copper, aluminium)",27320,INE372A01015,APARINDS
Apollo Hospitals Enterprise Ltd.,18102,L85110TN1979PLC008035,Health services,1.01042E+14,1,Hospital activities,86100,INE437A01024,APOLLOHOSP
Apollo Tyres Ltd.,18151,L25111KL1972PLC002449,Tyres & tubes,1.01015E+14,1,Manufacture of rubber tyres and tubes n.e.c.,22119,INE438A01022,APOLLOTYRE
Aptus Value Housing Finance India Ltd.,395979,L65922TN2009PLC073881,Housing finance services,1.0216E+14,2,Activities of specialized institutions granting credit for house purchases that also take deposits,64192,INE852O01025,APTUS
Asahi India Glass Ltd.,21283,L26102DL1984PLC019542,Glass & glassware,1.01015E+14,1,"Manufacture of other glassware/glass products: articles of glass used in construction such as glass blocks; clock or watch glasses, optical glass and optical glass elements not optically worked; and other glass products (including glass beads) n.e.c.",23109,INE439A01020,ASAHIINDIA
Ashok Leyland Ltd.,22104,L34101TN1948PLC000105,Commercial vehicles,1.01015E+14,1,"Manufacture of commercial vehicles such as vans, lorries, over-the-road tractors for semi-trailers etc.",29102,INE208A01029,ASHOKLEY
Asian Paints Ltd.,22859,L24220MH1945PLC004598,Paints & varnishes,1.01013E+14,1,"Manufacture of paints and varnishes, enamels or lacquers",20221,INE021A01026,ASIANPAINT
Aster D M Healthcare Ltd.,387685,L85110KA2008PLC147259,Other fund based financial services,1.0224E+14,2,"Trusts, funds and other financial vehicles",64300,INE914M01019,ASTERDM
Astral Ltd.,23696,L25200GJ1996PLC029134,"Plastic tubes, pipes, fittings & sheets",1.01012E+14,1,Manufacture of other plastics products n.e.c.,22209,INE006I01046,ASTRAL
Astrazeneca Pharma India Ltd.,23709,L24231KA1979PLC003563,Wholesale trading,1.0104E+14,1,Wholesale of pharmaceutical and medical goods,46497,INE203A01020,ASTRAZEN
Ather Energy Ltd.,523168,L40100KA2013PLC093769,Two & three wheelers,1.01015E+14,1,"Manufacture of motorcycles, scooters, mopeds etc. and their engine",30911,INE0LEZ01016,ATHERENERG
Atul Ltd.,24381,L99999GJ1975PLC002859,Other chemical products,1.01012E+14,1,Manufacture of Chemicals and Chemical products,20,INE100A01010,ATUL
Aurobindo Pharma Ltd.,24685,L24239TG1986PLC015190,Drugs & pharmaceuticals,1.01012E+14,1,Manufacture of allopathic pharmaceutical preparations,21002,INE406A01037,AUROPHARMA
Authum Investment & Infrastructure Ltd.,237751,L51109MH1982PLC319008,Other fund based financial services,1.0224E+14,2,"Trusts, funds and other financial vehicles",64300,INE206F01022,AIIL
Avenue Supermarts Ltd.,333552,L51900MH2000PLC126473,Retail trading,1.0104E+14,1,Retail sale in non-specialized stores,471,INE192R01011,DMART
Axis Bank Ltd.,256066,L65110GJ1993PLC020769,Banking services,1.0201E+14,3,"Monetary intermediation of commercial banks, saving banks. postal savings bank and discount houses",64191,INE238A01034,AXISBANK
B A S F India Ltd.,26076,L33112MH1943FLC003972,Diversified,1.1E+14,1,Diversified,34,INE373A01013,BASF
B E M L Ltd.,33723,L35202KA1964GOI001530,Mining & construction equipment,1.01014E+14,1,"Manufacture of earth-moving machinery (bulldozers, angle-dozers, graders, scrapers, levellers, mechanical shovels, shovel loaders, off-road dumping trucks etc.)",28243,INE258A01016,BEML
B L S International Services Ltd.,271345,L51909DL1983PLC016907,Business services & consultancy,1.01042E+14,1,Data processing activities including report writing,63111,INE153T01027,BLS
B S E Ltd.,237030,L67120MH2005PLC155188,Other fee based financial services,1.02282E+14,2,"Monetary intermediation of commercial banks, saving banks. postal savings bank and discount houses",64191,INE118H01025,BSE
Bajaj Auto Ltd.,374518,L65993PN2007PLC130076,Two & three wheelers,1.01015E+14,1,"Manufacture of motorcycles, scooters, mopeds etc. and their engine",30911,INE917I01010,BAJAJ-AUTO
Bajaj Finance Ltd.,28897,L65910MH1987PLC042961,Other asset financing services,1.02162E+14,2,Other credit granting,64920,INE296A01032,BAJFINANCE
Bajaj Finserv Ltd.,374519,L65923PN2007PLC130075,Other fund based financial services,1.0224E+14,2,"Trusts, funds and other financial vehicles",64300,INE918I01026,BAJAJFINSV
Bajaj Holdings & Invst. Ltd.,28899,L65100PN1945PLC004656,Other fund based financial services,1.0224E+14,2,"Trusts, funds and other financial vehicles",64300,INE118A01012,BAJAJHLDNG
Bajaj Housing Finance Ltd.,394570,L65910PN2008PLC132228,Housing finance services,1.0216E+14,2,Activities of specialized institutions granting credit for house purchases that also take deposits,64192,INE377Y01014,BAJAJHFL
Balkrishna Industries Ltd.,29657,L99999MH1961PLC012185,Tyres & tubes,1.01015E+14,1,Manufacture of rubber tyres and tubes n.e.c.,22119,INE787D01026,BALKRISIND
Balrampur Chini Mills Ltd.,29728,L15421WB1975PLC030118,Sugar,1.01011E+14,1,Manufacture or refining of sugar (sucrose) from sugarcane,10721,INE119A01028,BALRAMCHIN
Bandhan Bank Ltd.,524457,L67190WB2014PLC204622,Banking services,1.0201E+14,3,"Monetary intermediation of commercial banks, saving banks. postal savings bank and discount houses",64191,INE545U01014,BANDHANBNK
Bank Of Baroda,30136,,Banking services,1.0201E+14,3,"Monetary intermediation of commercial banks, saving banks. postal savings bank and discount houses",64191,INE028A01039,BANKBARODA
Bank Of India,30148,U99999MH1906PLC000243,Banking services,1.0201E+14,3,"Monetary intermediation of commercial banks, saving banks. postal savings bank and discount houses",64191,INE084A01016,BANKINDIA
Bank Of Maharashtra,30153,,Banking services,1.0201E+14,3,"Monetary intermediation of commercial banks, saving banks. postal savings bank and discount houses",64191,INE457A01014,MAHABANK
Bata India Ltd.,31130,L19201WB1931PLC007261,Retail trading,1.0104E+14,1,Retail sale of footwear,47713,INE176A01028,BATAINDIA
Bayer Cropscience Ltd.,31364,L24210MH1958PLC011173,Pesticides,1.01012E+14,1,Manufacture of pesticides and other agrochemical products,2021,INE462A01022,BAYERCROP
Berger Paints India Ltd.,32433,L51434WB1923PLC004793,Paints & varnishes,1.01013E+14,1,"Manufacture of paints and varnishes, enamels or lacquers",20221,INE463A01038,BERGEPAINT
Bharat Dynamics Ltd.,33721,L24292TG1970GOI001353,Communication equipment,1.01014E+14,1,Manufacture of other communication equipments n.e.c.,26309,INE171Z01026,BDL
Bharat Electronics Ltd.,33727,L32309KA1954GOI000787,Communication equipment,1.01014E+14,1,"Manufacture of radar equipment, GPS devices, search, detection, navigation, aeronautical and nautical equipment",26515,INE263A01024,BEL
Bharat Forge Ltd.,33750,L25209PN1961PLC012046,Other automobile ancillaries,1.01015E+14,1,Manufacture of other attachments to motor vehicles n.e.c.,29209,INE465A01025,BHARATFORG
Bharat Heavy Electricals Ltd.,33769,L74899DL1964GOI004281,Boilers & turbines,1.01014E+14,1,"Manufacture of steam generators, except central heating hot water boilers",2513,INE257A01026,BHEL
Bharat Petroleum Corpn. Ltd.,33873,L23220MH1952GOI008931,Refinery,1.01012E+14,1,"Manufacture of other petroleum n.e.c. (includes Manufacture of petroleum jelly, micro-crystalline petroleum wax, slack wax, ozokerite, lignite wax, petroleum coke, petroleum bitumen and other residues of petroleum oils or of oils obtained from bituminous minerals)",19209,INE029A01011,BPCL
Bharti Airtel Ltd.,34162,L74899HR1995PLC095967,Telecommunication services,1.01041E+14,1,Activities of other wireless telecommunications activities,61209,INE397D01024,BHARTIARTL
Bharti Hexacom Ltd.,92679,L74899HR1995PLC132187,Telecommunication services,1.01041E+14,1,Activities of other wireless telecommunications activities,61209,INE343G01021,BHARTIHEXA
Bikaji Foods Intl. Ltd.,328203,L15499RJ1995PLC010856,Processed foods,1.01011E+14,1,"Other semi-processed, processed or instant foods n.e.c. except farinaceous products and malted foods and manufacturing activities like Manufacture of egg powder, sambar powder etc. (this excludes the activities covered under 10619)",10799,INE00E101023,BIKAJI
Biocon Ltd.,36073,L24234KA1978PLC003417,Drugs & pharmaceuticals,1.01012E+14,1,Manufacture of other pharmaceutical and botanical products n.e.c. like hina powder etc.,21009,INE376G01013,BIOCON
Birlasoft Ltd.,122948,L72200PN1990PLC059594,Computer software,1.01041E+14,1,Providing software support and maintenance to the clients,62013,INE836A01035,BSOFT
Blue Dart Express Ltd.,36937,L61074MH1991PLC061074,Transport logistics services,1.01041E+14,1,Support activities for transportation,522,INE233B01017,BLUEDART
Blue Jet Healthcare Ltd.,109302,L99999MH1968PLC014154,Other chemical products,1.01012E+14,1,Manufacture of Chemicals and Chemical products,20,INE0KBH01020,BLUEJET
Blue Star Ltd.,37079,L28920MH1949PLC006870,Air-conditioners & refrigerators,1.01013E+14,1,"Manufacture of domestic electric appliances such as refrigerators, washing machines, vacuum cleaners, mixers, grinders etc.",27501,INE472A01039,BLUESTARCO
Bombay Burmah Trdg. Corpn. Ltd.,37410,L99999MH1863PLC000002,Diversified manufacturing,1.01016E+14,1,Diversified,34,INE050A01025,BBTC
Bosch Ltd.,149711,L85110KA1951PLC000761,Other automobile ancillaries,1.01015E+14,1,Manufacture of fluid power equipment,28120,INE323A01026,BOSCHLTD
Brainbees Solutions Ltd.,518507,L51100PN2010PLC136340,Wholesale trading,1.0104E+14,1,"Wholesale of textiles, fabrics, yarn, household linen, articles of clothing, floor coverings and tapestry, sports clothes",46411,INE02RE01045,FIRSTCRY
Brigade Enterprises Ltd.,38518,L85110KA1995PLC019126,Housing construction,1.0106E+14,1,Construction of buildings carried out on own-account basis or on a fee or contract basis,41001,INE791I01019,BRIGADE
Britannia Industries Ltd.,38924,L15412WB1918PLC002964,Bakery products,1.01011E+14,1,"Manufacture of biscuits, cakes, pastries, rusks etc.",10712,INE216A01030,BRITANNIA
C C L Products (India) Ltd.,50692,L15110AP1961PLC000874,Coffee,1.01011E+14,1,"Coffee curing, roasting, grinding blending etc. and manufacturing of coffee products",10792,INE421D01022,CCL
C E Info Systems Ltd.,40103,L74899DL1995PLC065551,Computer software,1.01041E+14,1,Providing software support and maintenance to the clients,62013,INE0BV301023,MAPMYINDIA
C E S C Ltd.,40112,L31901WB1978PLC031411,Wholesale trading,1.0104E+14,1,Other non-specialised wholesale trade n.e.c.,46909,INE486A01021,CESC
C G Power & Indl. Solutions Ltd.,52418,L99999MH1937PLC002641,"Generators, transformers & switchgears",1.01014E+14,1,"Manufacture of electric motors, generators, transformers and electricity distribution and control apparatus",2710,INE067A01029,CGPOWER
Campus Activewear Ltd.,575872,L74120DL2008PLC183629,Footwear,1.01013E+14,1,"Manufacture of leather footwear such as shoes, sandals, chappals, leather- cum-rubber/plastic cloth sandles and chappals",15201,INE278Y01022,CAMPUS
Can Fin Homes Ltd.,41823,L85110KA1987PLC008699,Housing finance services,1.0216E+14,2,Activities of specialized institutions granting credit for house purchases that also take deposits,64192,INE477A01020,CANFINHOME
Canara Bank,41860,,Banking services,1.0201E+14,3,"Monetary intermediation of commercial banks, saving banks. postal savings bank and discount houses",64191,INE476A01022,CANBK
Caplin Point Laboratories Ltd.,42236,L24231TN1990PLC019053,Drugs & pharmaceuticals,1.01012E+14,1,Manufacture of allopathic pharmaceutical preparations,21002,INE475E01026,CAPLIPOINT
Capri Global Capital Ltd.,62823,L65921MH1994PLC173469,Other fund based financial services,1.0224E+14,2,"Other financial service activities, except insurance and pension funding activities, n.e.c.",64990,INE180C01042,CGCL
Carborundum Universal Ltd.,42443,L29224TN1954PLC000318,Other construction materials,1.01013E+14,1,Manufacture of other non-metallic mineral products,23,INE120A01034,CARBORUNIV
Castrol India Ltd.,42974,L23200MH1979PLC021359,"Lubricants, etc.",1.01012E+14,1,"Production of liquid and gaseous fuels, illuminating oils, lubricating oils or greases or other products from crude petroleum or bituminous minerals",19201,INE172A01027,CASTROLIND
Ceat Ltd.,43155,L25100MH1958PLC011041,Tyres & tubes,1.01015E+14,1,Manufacture of rubber tyres and tubes n.e.c.,22119,INE482A01020,CEATLTD
Central Bank Of India Ltd.,43461,U99999MH1911PTC000337,Banking services,1.0201E+14,3,"Monetary intermediation of commercial banks, saving banks. postal savings bank and discount houses",64191,INE483A01010,CENTRALBK
Central Depository Services (India) Ltd.,43479,L67120MH1997PLC112443,Other fee based financial services,1.02282E+14,2,"Monetary intermediation of commercial banks, saving banks. postal savings bank and discount houses",64191,INE736A01011,CDSL
Century Plyboards (India) Ltd.,43729,L20101WB1982PLC034435,Wood & wood products,1.01013E+14,1,Manufacture of ply wood and veneer sheets,16211,INE348B01021,CENTURYPLY
Cera Sanitaryware Ltd.,134290,L26910GJ1998PLC034400,Wholesale trading,1.0104E+14,1,"Wholesale of hardware and sanitary fittings and fixtures and flat glass including tools such as hammers, saws, screwdrivers and other hand tools",46633,INE739E01017,CERA
Chalet Hotels Ltd.,44111,L55101MH1986PLC038538,Hotels & restaurants,1.0104E+14,1,"Hotels and Motels, inns, resorts providing short term lodging facilities; includes accommodation in house boats",55101,INE427F01016,CHALET
Chambal Fertilisers & Chemicals Ltd.,44220,L24124RJ1985PLC003293,Wholesale trading,1.0104E+14,1,Wholesale of fertilizers and agrochemical products,46692,INE085A01013,CHAMBLFERT
Chennai Petroleum Corpn. Ltd.,46009,L40101TN1965GOI005389,Refinery,1.01012E+14,1,"Manufacture of other petroleum n.e.c. (includes Manufacture of petroleum jelly, micro-crystalline petroleum wax, slack wax, ozokerite, lignite wax, petroleum coke, petroleum bitumen and other residues of petroleum oils or of oils obtained from bituminous minerals)",19209,INE178A01016,CHENNPETRO
Choice International Ltd.,47174,L67190MH1993PLC071117,Other fund based financial services,1.0224E+14,2,"Trusts, funds and other financial vehicles",64300,INE102B01014,CHOICEIN
Cholamandalam Financial Holdings Ltd.,254924,L65100TN1949PLC002905,Other fund based financial services,1.0224E+14,2,"Trusts, funds and other financial vehicles",64300,INE149A01033,CHOLAHLDNG
Cholamandalam Investment & Finance Co. Ltd.,47318,L65993TN1978PLC007576,Housing finance services,1.0216E+14,2,Activities of specialized institutions granting credit for house purchases that also take deposits,64192,INE121A01024,CHOLAFIN
Cipla Ltd.,47858,L24239MH1935PLC002380,Drugs & pharmaceuticals,1.01012E+14,1,Manufacture of allopathic pharmaceutical preparations,21002,INE059A01026,CIPLA
City Union Bank Ltd.,48177,L65110TN1904PLC001287,Banking services,1.0201E+14,3,"Monetary intermediation of commercial banks, saving banks. postal savings bank and discount houses",64191,INE491A01021,CUB
Clean Science & Technology Ltd.,407582,L24114PN2003PLC018532,Organic chemicals,1.01012E+14,1,Manufacture of organic and inorganic chemical compounds n.e.c.,20119,INE227W01023,CLEAN
Coal India Ltd.,48799,L23109WB1973GOI028844,Other fund based financial services,1.0224E+14,2,"Trusts, funds and other financial vehicles",64300,INE522F01014,COALINDIA
Cochin Shipyard Ltd.,48960,L63032KL1972GOI002414,Other transport equipment & ancillaries,1.01015E+14,1,Building of ships and boats,301,INE704P01025,COCHINSHIP
Coforge Ltd.,348418,L72100HR1992PLC128382,Computer software,1.01041E+14,1,Providing software support and maintenance to the clients,62013,INE591G01025,COFORGE
Cohance Lifesciences Ltd.,594310,L24299MH2018PLC422236,Drugs & pharmaceuticals,1.01012E+14,1,Manufacture of other pharmaceutical and botanical products n.e.c. like hina powder etc.,21009,INE03QK01018,COHANCE
Colgate-Palmolive (India) Ltd.,49138,L24200MH1937PLC002700,Personal & home care products,1.01013E+14,1,"Manufacture of preparations for oral or dental hygiene (includes manufacture of toothpastes, toothpowder, mouthwash, oral, perfumes, dental fixative pastes and powders etc.)",20235,INE259A01022,COLPAL
Computer Age Mgmt. Services Ltd.,49912,L65910TN1988PLC015757,ITES,1.01041E+14,1,Other information service activities n.e.c.,63999,INE596I01012,CAMS
Concord Biotech Ltd.,50178,L24230GJ1984PLC007440,Drugs & pharmaceuticals,1.01012E+14,1,Manufacture of allopathic pharmaceutical preparations,21002,INE338H01029,CONCORDBIO
Container Corpn. Of India Ltd.,50616,L63011DL1988GOI030915,Railway transport services,1.01041E+14,1,Freight rail transport,49120,INE111A01025,CONCOR
Coromandel International Ltd.,51238,L24120TG1961PLC000892,Fertilisers,1.01012E+14,1,Manufacture of fertilizers and nitrogen compounds,2012,INE169A01031,COROMANDEL
Craftsman Automation Ltd.,281470,L28991TZ1986PLC001816,Other automobile ancillaries,1.01015E+14,1,"Manufacture of diverse parts and accessories for motor vehicles such as brakes, gearboxes, axles, road wheels, suspension shock absorbers, radiators, silencers, exhaust pipes, catalysers, clutches, steering wheels, steering columns and steering boxes etc.",29301,INE00LO01017,CRAFTSMAN
Creditaccess Grameen Ltd.,211592,L51216KA1991PLC053425,Other fund based financial services,1.0224E+14,2,"Other financial service activities, except insurance and pension funding activities, n.e.c.",64990,INE741K01010,CREDITACC
Crisil Ltd.,52194,L67120MH1987PLC042363,Business services & consultancy,1.01042E+14,1,Management consultancy activities,70200,INE007A01025,CRISIL
Crompton Greaves Consumer Electricals Ltd.,519394,L31900MH2015PLC262254,Other domestic appliances,1.01013E+14,1,Manufacture of other domestic appliances n.e.c.,27509,INE299U01018,CROMPTON
Cummins India Ltd.,52835,L29112PN1962PLC012276,Engines,1.01014E+14,1,"Manufacture of engines and turbines, except aircraft, vehicle and cycle engines",28110,INE298A01020,CUMMINSIND
Cyient Ltd.,100644,L72200TG1991PLC013134,Computer software,1.01041E+14,1,Providing software support and maintenance to the clients,62013,INE136B01020,CYIENT
D C M Shriram Ltd.,53473,L74899DL1989PLC034923,Other chemical products,1.01012E+14,1,Manufacture of Chemicals and Chemical products,20,INE499A01024,DCMSHRIRAM
D L F Ltd.,53993,L70101HR1963PLC002484,Housing construction,1.0106E+14,1,Construction of buildings carried out on own-account basis or on a fee or contract basis,41001,INE271C01023,DLF
Dabur India Ltd.,54885,L24230DL1975PLC007908,Personal & home care products,1.01013E+14,1,"Manufacture of hair oil, shampoo, hair dye etc. (includes Manufacture of shampoos, hair sprays, hair fixers, hair oils, hair creams, hair dyes and bleaches and preparations for permanent waving or straightening of the hair etc.)",20236,INE016A01026,DABUR
Dalmia Bharat Ltd.,506149,L14200TN2013PLC112346,Business services & consultancy,1.01042E+14,1,Management consultancy activities,70200,INE00R701025,DALBHARAT
Data Patterns (India) Ltd.,359126,L72200TN1998PLC061236,Communication equipment,1.01014E+14,1,"Manufacture of radar equipment, GPS devices, search, detection, navigation, aeronautical and nautical equipment",26515,INE0IX101010,DATAPATTNS
Deepak Fertilisers & Petrochemicals Corpn. Ltd.,57378,L24121MH1979PLC021360,Other chemical products,1.01012E+14,1,Manufacture of Chemicals and Chemical products,20,INE501A01019,DEEPAKFERT
Deepak Nitrite Ltd.,57447,L24110GJ1970PLC001735,Inorganic chemicals,1.01012E+14,1,Manufacture of organic and inorganic chemical compounds n.e.c.,20119,INE288B01029,DEEPAKNTR
Delhivery Ltd.,521887,L63090DL2011PLC221234,Courier services,1.01041E+14,1,Courier activities,53200,INE148O01028,DELHIVERY
Devyani International Ltd.,59344,L15135DL1991PLC046758,Hotels & restaurants,1.0104E+14,1,"Hotels and Motels, inns, resorts providing short term lodging facilities; includes accommodation in house boats",55101,INE872J01023,DEVYANI
Divi'S Laboratories Ltd.,61957,L24110TG1990PLC011854,Drugs & pharmaceuticals,1.01012E+14,1,"Manufacture of pharmaceuticals, medicinal chemical and botanical products",2100,INE361B01024,DIVISLAB
Dixon Technologies (India) Ltd.,62192,L32101UP1993PLC066581,Consumer electronics,1.01013E+14,1,"Manufacture of televisions, television monitors and displays",26401,INE935N01020,DIXON
Doms Industries Ltd.,424452,L36991GJ2006PLC049275,Other consumer goods,1.01013E+14,1,"Manufacture of stationary articles such as pens and pencils of all kinds whether or not mechanical, pencil leads, date, sealing or numbering stamps, hand-operated devices for printing or embossing labels, hand printing sets, prepared typewriter ribbons and inked pads, globes etc.",32901,INE321T01012,DOMS
Dr. Agarwal'S Health Care Ltd.,413945,L85100TN2010PLC075403,Health services,1.01042E+14,1,Hospital activities,86100,INE943P01029,AGARWALEYE
Dr. Lal Pathlabs Ltd.,331940,L74899DL1995PLC065388,Health services,1.01042E+14,1,Hospital activities,86100,INE600L01024,LALPATHLAB
Dr. Reddy'S Laboratories Ltd.,62987,L85195TG1984PLC004507,Drugs & pharmaceuticals,1.01012E+14,1,Manufacture of allopathic pharmaceutical preparations,21002,INE089A01031,DRREDDY
E I D-Parry (India) Ltd.,64529,L24211TN1975PLC006989,Diversified manufacturing,1.01016E+14,1,Diversified,34,INE126A01031,EIDPARRY
E I H Ltd.,64535,L55101WB1949PLC017981,Hotels & restaurants,1.0104E+14,1,"Hotels and Motels, inns, resorts providing short term lodging facilities; includes accommodation in house boats",55101,INE230A01023,EIHOTEL
Eclerx Services Ltd.,65745,L72200MH2000PLC125319,ITES,1.01041E+14,1,Other information service activities n.e.c.,63999,INE738I01010,ECLERX
Eicher Motors Ltd.,66185,L34102DL1982PLC129877,Two & three wheelers,1.01015E+14,1,"Manufacture of motorcycles, scooters, mopeds etc. and their engine",30911,INE066A01021,EICHERMOT
Elecon Engineering Co. Ltd.,66532,L29100GJ1960PLC001082,General purpose machinery,1.01014E+14,1,"Manufacture of bearings, gears, gearing and driving elements",28140,INE205B01031,ELECON
Elgi Equipments Ltd.,66917,L29120TZ1960PLC000351,General purpose machinery,1.01014E+14,1,"Manufacture of other pumps, compressors, taps and valves etc.",28132,INE285A01027,ELGIEQUIP
Emami Ltd.,67417,L63993WB1983PLC036030,Personal & home care products,1.01013E+14,1,"Manufacture of cosmetics and toileteries (includes Manufacture of pre- shave, shaving or after shave preparations; personal deodorants and anti- respirants; perfumed bath salts and other bath preparations; beauty or make-up preparations and preparations for the care of the skin, other than medicaments; manicure and pedicure preparations etc.)",20237,INE548C01032,EMAMILTD
Emcure Pharmaceuticals Ltd.,67538,L24231PN1981PLC024251,Drugs & pharmaceuticals,1.01012E+14,1,Manufacture of allopathic pharmaceutical preparations,21002,INE168P01015,EMCURE
Endurance Technologies Ltd.,372072,L34102MH1999PLC123296,Other automobile ancillaries,1.01015E+14,1,Manufacture of parts and accessories for motor vehicles,2930,INE913H01037,ENDURANCE
Engineers India Ltd.,68332,L74899DL1965GOI004352,Business services & consultancy,1.01042E+14,1,Architectural and engineering activities and related technical consultancy,71100,INE510A01028,ENGINERSIN
Eris Lifesciences Ltd.,406849,L24232GJ2007PLC049867,Drugs & pharmaceuticals,1.01012E+14,1,"Manufacture of pharmaceuticals, medicinal chemical and botanical products",2100,INE406M01024,ERIS
Escorts Kubota Ltd.,69140,L74899HR1944PLC039088,Agricultural machinery,1.01014E+14,1,Manufacture of tractors used in agriculture and forestry,28211,INE042A01014,ESCORTS
Eternal Ltd.,412105,L93030DL2010PLC198141,Online marketplaces,1.01042E+14,1,"Other retail sale not in stores, stalls or markets",47990,INE758T01015,ETERNAL
Exide Industries Ltd.,71060,L31402WB1947PLC014919,Storage batteries,1.01015E+14,1,"Manufacture of primary cells and primary batteries nd rechargable batteries, cells containing manganese oxide, mercuric oxide silver oxide or other material",27201,INE302A01020,EXIDEIND
F S N E-Commerce Ventures Ltd.,519056,L52600MH2012PLC230136,Online marketplaces,1.01042E+14,1,Retail sale via e-commerce,47912,INE388Y01029,NYKAA
Federal Bank Ltd.,72607,L65191KL1931PLC000368,Banking services,1.0201E+14,3,"Monetary intermediation of commercial banks, saving banks. postal savings bank and discount houses",64191,INE171A01029,FEDERALBNK
"Fertilisers & Chemicals, Travancore Ltd.",72842,L24129KL1943GOI000371,Diversified,1.1E+14,1,Diversified,34,INE188A01015,FACT
Finolex Cables Ltd.,73325,L31300MH1967PLC016531,Wires & cables,1.01014E+14,1,"Manufacture of other electronic and electric wires and cables (insulated wire and cable made of steel, copper, aluminium)",27320,INE235A01022,FINCABLES
Finolex Industries Ltd.,73332,L40108PN1981PLC024153,"Plastic tubes, pipes, fittings & sheets",1.01012E+14,1,Manufacture of other plastics products n.e.c.,22209,INE183A01024,FINPIPE
Firstsource Solutions Ltd.,322563,L64202MH2001PLC134147,ITES,1.01041E+14,1,Other information service activities n.e.c.,63999,INE684F01012,FSL
Five-Star Business Finance Ltd.,73643,L65991TN1984PLC010844,Other fund based financial services,1.0224E+14,2,"Other financial service activities, except insurance and pension funding activities, n.e.c.",64990,INE128S01021,FIVESTAR
Force Motors Ltd.,28981,L34102PN1958PLC011172,Commercial vehicles,1.01015E+14,1,"Manufacture of commercial vehicles such as vans, lorries, over-the-road tractors for semi-trailers etc.",29102,INE451A01017,FORCEMOT
Fortis Healthcare Ltd.,74601,L85110PB1996PLC045933,Health services,1.01042E+14,1,Hospital activities,86100,INE061F01013,FORTIS
G A I L (India) Ltd.,79498,L40200DL1984GOI018976,Natural gas trading & distribution,1.0104E+14,1,"Storage and warehousing n.e.c.[Includes general merchandise warehouses and warehousing of furniture, automobiles, gas and oil, chemicals, textiles etc. Also included is storage of goods in foreign trade zones]",52109,INE129A01019,GAIL
G E Vernova T & D India Ltd.,12007,L31102DL1957PLC193993,Industrial construction,1.0106E+14,1,Construction of utility projects n.e.c.,42209,INE200A01026,GVT&D
G M R Airports Ltd.,76718,L52231HR1996PLC113564,Diversified non-financial services,1.01044E+14,1,Other non-specialised wholesale trade n.e.c.,46909,INE776C01039,GMRAIRPORT
Garden Reach Shipbuilders & Engineers Ltd.,79141,L35111WB1934GOI007891,Other transport equipment & ancillaries,1.01015E+14,1,Building of ships and boats,301,INE382Z01011,GRSE
General Insurance Corpn. Of India,80728,L67200MH1972GOI016133,Insurance services,1.0219E+14,2,Non-life insurance,65120,INE481Y01014,GICRE
Gillette India Ltd.,81580,L28931MH1984PLC267130,Other consumer goods,1.01013E+14,1,"Manufacture of cutlery such as knives, forks, spoons, cleavers, choppers, razors, razor blades, scissors, hair clippers etc.",25931,INE322A01010,GILLETTE
Gland Pharma Ltd.,82107,L24239TG1978PLC002276,Drugs & pharmaceuticals,1.01012E+14,1,Manufacture of allopathic pharmaceutical preparations,21002,INE068V01023,GLAND
Glaxosmithkline Pharmaceuticals Ltd.,82150,L24239MH1924PLC001151,Drugs & pharmaceuticals,1.01012E+14,1,Manufacture of allopathic pharmaceutical preparations,21002,INE159A01016,GLAXO
Glenmark Pharmaceuticals Ltd.,82197,L24299MH1977PLC019982,Drugs & pharmaceuticals,1.01012E+14,1,Manufacture of allopathic pharmaceutical preparations,21002,INE935A01035,GLENMARK
Global Health Ltd.,370333,L85110DL2004PLC128319,Health services,1.01042E+14,1,Hospital activities,86100,INE474Q01031,MEDANTA
Go Digit General Insurance Ltd.,586840,L66010PN2016PLC167410,Insurance services,1.0219E+14,2,Non-life insurance,65120,INE03JT01014,GODIGIT
Godawari Power & Ispat Ltd.,102958,L27106CT1999PLC013756,Other ferrous metal products,1.01014E+14,1,Manufacture of basic iron and steel,2410,INE177H01039,GPIL
Godfrey Phillips India Ltd.,82982,L16004MH1936PLC008587,Tobacco products,1.01011E+14,1,"Manufacture of cigarettes, cigarette tobacco",12003,INE260B01028,GODFRYPHLP
Godrej Agrovet Ltd.,83010,L15410MH1991PLC135359,Vegetable oils & products,1.01011E+14,1,Manufacture of other animal feeds n.e.c.,10809,INE850D01014,GODREJAGRO
Godrej Consumer Products Ltd.,83013,L24246MH2000PLC129806,Personal & home care products,1.01013E+14,1,Manufacture of other perfumes and toilet preparations n.e.c.,20239,INE102D01028,GODREJCP
Godrej Industries Ltd.,83018,L24241MH1988PLC097781,Organic chemicals,1.01012E+14,1,Manufacture of organic and inorganic chemical compounds n.e.c.,20119,INE233A01035,GODREJIND
Godrej Properties Ltd.,83025,L74120MH1985PLC035308,Other construction & allied activities,1.0106E+14,1,Construction of buildings carried out on own-account basis or on a fee or contract basis,41001,INE484J01027,GODREJPROP
Granules India Ltd.,85379,L24110TG1991PLC012471,Drugs & pharmaceuticals,1.01012E+14,1,Manufacture of allopathic pharmaceutical preparations,21002,INE101D01020,GRANULES
Graphite India Ltd.,42434,L10101WB1974PLC094602,Refractories,1.01013E+14,1,"Manufacture of refractory bricks, blocks tiles and similar refractory ceramic constructional goods",23912,INE371A01025,GRAPHITE
Grasim Industries Ltd.,85447,L17124MP1947PLC000410,Man-made filaments & fibres,1.01012E+14,1,Manufacture of synthetic or artificial filament staple fibre not textured,20302,INE047A01021,GRASIM
Gravita India Ltd.,351367,L29308RJ1992PLC006870,Other non-ferrous metals & metal products,1.01014E+14,1,"Manufacturing of lead, zinc and tin products and alloys",24203,INE024L01027,GRAVITA
Great Eastern Shipping Co. Ltd.,85543,L35110MH1948PLC006472,Shipping transport services,1.01041E+14,1,Sea and coastal water transport,501,INE017A01032,GESHIP
Gujarat Fluorochemicals Ltd.,596101,L24304GJ2018PLC105479,Polymers,1.01012E+14,1,"Manufacture of plastic in primary forms (includes amino-resins, polyurethanes etc.)",20131,INE09N301011,FLUOROCHEM
Gujarat Gas Ltd.,444847,L40200GJ2012SGC069118,Natural gas trading & distribution,1.0104E+14,1,"Storage and warehousing n.e.c.[Includes general merchandise warehouses and warehousing of furniture, automobiles, gas and oil, chemicals, textiles etc. Also included is storage of goods in foreign trade zones]",52109,INE844O01030,GUJGASLTD
Gujarat Mineral Devp. Corpn. Ltd.,86802,L14100GJ1963SGC001206,Coal & lignite,1.0102E+14,1,Mining of lignite,520,INE131A01031,GMDCLTD
Gujarat State Petronet Ltd.,86923,L40200GJ1998SGC035188,Natural gas trading & distribution,1.0104E+14,1,Transport via pipeline,49300,INE246F01010,GSPL
H B L Engineering Ltd.,88153,L40109TG1986PLC006745,Storage batteries,1.01015E+14,1,"Manufacture of electric accumulator incuding parts thereof (separators, containers, covers)",27202,INE292B01021,HBLENGINE
H C L Technologies Ltd.,88258,L74140DL1991PLC046369,Computer software,1.01041E+14,1,Providing software support and maintenance to the clients,62013,INE860A01027,HCLTECH
H D F C Asset Mgmt. Co. Ltd.,88295,L65991MH1999PLC123027,Asset management services (mutual funds),1.02281E+14,2,Management of mutual funds,66301,INE127D01025,HDFCAMC
H D F C Bank Ltd.,88297,L65920MH1994PLC080618,Banking services,1.0201E+14,3,"Monetary intermediation of commercial banks, saving banks. postal savings bank and discount houses",64191,INE040A01034,HDFCBANK
H D F C Life Insurance Co. Ltd.,88320,L65110MH2000PLC128245,Insurance services,1.0219E+14,2,Life insurance,65110,INE795G01014,HDFCLIFE
H E G Ltd.,88356,L23109MP1972PLC008290,Refractories,1.01013E+14,1,"Manufacture of refractory bricks, blocks tiles and similar refractory ceramic constructional goods",23912,INE545A01024,HEG
H F C L Ltd.,93468,L64200HP1987PLC007466,Wires & cables,1.01014E+14,1,Manufacture of fibre optic cables for data transmission or live transmission of images,27310,INE548A01028,HFCL
Happiest Minds Technologies Ltd.,518972,L72900KA2011PLC057931,Computer software,1.01041E+14,1,Providing software support and maintenance to the clients,62013,INE419U01012,HAPPSTMNDS
Havells India Ltd.,91512,L31900DL1983PLC016304,Other domestic appliances,1.01013E+14,1,Manufacture of other domestic appliances n.e.c.,27509,INE176B01034,HAVELLS
Hero Motocorp Ltd.,92590,L35911DL1984PLC017354,Two & three wheelers,1.01015E+14,1,"Manufacture of motorcycles, scooters, mopeds etc. and their engine",30911,INE158A01026,HEROMOTOCO
Hexaware Technologies Ltd.,18395,L72900MH1992PLC069662,Computer software,1.01041E+14,1,Providing software support and maintenance to the clients,62013,INE093A01041,HEXT
Himadri Speciality Chemical Ltd.,93511,L27106WB1987PLC042756,Other construction materials,1.01013E+14,1,"Manufacture of other non-metallic mineral products n.e.c. (includes asbestos yarn and fabric, and articles of asbestos yarn and fabric such as clothing, headgear, footwear, cord, string, paper o felt; friction material with a basis of asbestos or other mineral substances or of cellulose including unmounted articles such as friction material; mineral insulating material (slag wool, rockwool and similar mineral wools, exfoliated vermiculite, expanded clays and similar insulating material); products of glass wool for heat-insulating; articles of asphalt or of similar material (e.g. coal tar pitc",23999,INE019C01026,HSCL
Hindalco Industries Ltd.,93902,L27020MH1958PLC011238,Aluminium & aluminium products,1.01014E+14,1,Manufacture of Aluminium from alumina and by other methods and products of aluminium and alloys,24202,INE038A01020,HINDALCO
Hindustan Aeronautics Ltd.,93954,L35301KA1963GOI001622,Diversified,1.1E+14,1,Diversified,34,INE066F01020,HAL
Hindustan Copper Ltd.,94000,L27201WB1967GOI028825,Minerals,1.0102E+14,1,Mining of copper ore,7291,INE531E01026,HINDCOPPER
Hindustan Petroleum Corpn. Ltd.,94103,L23201MH1952GOI008858,Refinery,1.01012E+14,1,"Manufacture of other petroleum n.e.c. (includes Manufacture of petroleum jelly, micro-crystalline petroleum wax, slack wax, ozokerite, lignite wax, petroleum coke, petroleum bitumen and other residues of petroleum oils or of oils obtained from bituminous minerals)",19209,INE094A01015,HINDPETRO
Hindustan Unilever Ltd.,94080,L15140MH1933PLC002030,Personal & home care products,1.01013E+14,1,Manufacture of other perfumes and toilet preparations n.e.c.,20239,INE030A01027,HINDUNILVR
Hindustan Zinc Ltd.,94175,L27204RJ1966PLC001208,Other non-ferrous metals & metal products,1.01014E+14,1,"Manufacturing of lead, zinc and tin products and alloys",24203,INE267A01025,HINDZINC
Hitachi Energy India Ltd.,595098,L31904KA2019PLC121597,"Generators, transformers & switchgears",1.01014E+14,1,"Manufacture of electric power distribution transformers, arc-welding transformers, fluorescent ballasts, transmission and distribution voltage regulators",27102,INE07Y701011,POWERINDIA
Home First Finance Co. India Ltd.,454545,L65990MH2010PLC240703,Housing finance services,1.0216E+14,2,Activities of specialized institutions granting credit for house purchases that also take deposits,64192,INE481N01025,HOMEFIRST
Honasa Consumer Ltd.,616279,L74999DL2016PLC306016,Wholesale trading,1.0104E+14,1,"Wholesale of toiletry, perfumery and cosmetics",46491,INE0J5401028,HONASA
Honeywell Automation India Ltd.,248110,L29299PN1984PLC017951,Other electronics,1.01014E+14,1,Manufacture of industrial process control equipment,26517,INE671A01010,HONAUT
Housing & Urban Devp. Corpn. Ltd.,95627,L74899DL1970GOI005276,Other asset financing services,1.02162E+14,2,Activities auxiliary to financial service activities n.e.c.,66190,INE031A01017,HUDCO
Hyundai Motor India Ltd.,96229,L29309TN1996PLC035377,Passenger vehicles,1.01015E+14,1,Manufacture of passenger cars,29101,INE0V6F01027,HYUNDAI
I C I C I Bank Ltd.,96379,L65190GJ1994PLC021012,Banking services,1.0201E+14,3,"Monetary intermediation of commercial banks, saving banks. postal savings bank and discount houses",64191,INE090A01021,ICICIBANK
I C I C I Lombard General Insurance Co. Ltd.,96392,L67200MH2000PLC129408,Insurance services,1.0219E+14,2,Non-life insurance,65120,INE765G01017,ICICIGI
I C I C I Prudential Life Insurance Co. Ltd.,96396,L66010MH2000PLC127837,Insurance services,1.0219E+14,2,Life insurance,65110,INE726G01019,ICICIPRULI
I D B I Bank Ltd.,100283,L65190MH2004GOI148838,Banking services,1.0201E+14,3,"Monetary intermediation of commercial banks, saving banks. postal savings bank and discount houses",64191,INE008A01015,IDBI
I D F C First Bank Ltd.,512651,L65110TN2014PLC097792,Banking services,1.0201E+14,3,"Monetary intermediation of commercial banks, saving banks. postal savings bank and discount houses",64191,INE092T01019,IDFCFIRSTB
I F C I Ltd.,96577,L74899DL1993GOI053677,Infrastructure finance services,1.02161E+14,2,Other credit granting,64920,INE039A01010,IFCI
I I F L Finance Ltd.,98457,L67100MH1995PLC093797,Other fund based financial services,1.0224E+14,2,"Other financial service activities, except insurance and pension funding activities, n.e.c.",64990,INE530B01024,IIFL
I R B Infrastructure Developers Ltd.,373589,L65910MH1998PLC115967,Infrastructural construction,1.0106E+14,1,"Construction and maintenance of motorways, streets, roads, other vehicular and pedestrian ways, highways, bridges, tunnels and subways",42101,INE821I01022,IRB
I T C Hotels Ltd.,715744,L55101WB2023PLC263914,Hotels & restaurants,1.0104E+14,1,"Hotels and Motels, inns, resorts providing short term lodging facilities; includes accommodation in house boats",55101,INE379A01028,ITCHOTELS
I T C Ltd.,97066,L16005WB1910PLC001985,Tobacco products,1.01011E+14,1,"Manufacture of cigarettes, cigarette tobacco",12003,INE154A01025,ITC
I T I Ltd.,97092,L32202KA1950GOI000640,Diversified non-financial services,1.01044E+14,1,Other non-specialised wholesale trade n.e.c.,46909,INE248A01017,ITI
Indegene Ltd.,337643,L73100KA1998PLC102040,ITES,1.01041E+14,1,Other information service activities n.e.c.,63999,INE065X01017,INDGN
India Cements Ltd.,98379,L26942TN1946PLC000931,Cement,1.01013E+14,1,Manufacture of clinkers and cement,23941,INE383A01012,INDIACEM
Indiamart Intermesh Ltd.,98646,L74899DL1999PLC101534,Online marketplaces,1.01042E+14,1,"Other retail sale not in stores, stalls or markets",47990,INE933S01016,INDIAMART
Indian Bank,98668,,Banking services,1.0201E+14,3,"Monetary intermediation of commercial banks, saving banks. postal savings bank and discount houses",64191,INE562A01011,INDIANB
Indian Energy Exchange Ltd.,395211,L74999DL2007PLC277039,Other fee based financial services,1.02282E+14,2,"Monetary intermediation of commercial banks, saving banks. postal savings bank and discount houses",64191,INE022Q01020,IEX
Indian Hotels Co. Ltd.,98827,L74999MH1902PLC000183,Hotels & restaurants,1.0104E+14,1,"Hotels and Motels, inns, resorts providing short term lodging facilities; includes accommodation in house boats",55101,INE053A01029,INDHOTEL
Indian Oil Corpn. Ltd.,98907,L23201MH1959GOI011388,Refinery,1.01012E+14,1,"Manufacture of other petroleum n.e.c. (includes Manufacture of petroleum jelly, micro-crystalline petroleum wax, slack wax, ozokerite, lignite wax, petroleum coke, petroleum bitumen and other residues of petroleum oils or of oils obtained from bituminous minerals)",19209,INE242A01010,IOC
Indian Overseas Bank,98918,,Banking services,1.0201E+14,3,"Monetary intermediation of commercial banks, saving banks. postal savings bank and discount houses",64191,INE565A01014,IOB
Indian Railway Catering & Tourism Corpn. Ltd.,98960,L74899DL1999GOI101707,Diversified non-financial services,1.01044E+14,1,Other non-specialised wholesale trade n.e.c.,46909,INE335Y01020,IRCTC
Indian Railway Finance Corpn. Ltd.,98961,L65910DL1986GOI026363,Infrastructure finance services,1.02161E+14,2,Other credit granting,64920,INE053F01010,IRFC
Indian Renewable Energy Devp. Agency Ltd.,98971,L65100DL1987GOI027265,Infrastructure finance services,1.02161E+14,2,Other credit granting,64920,INE202E01016,IREDA
Indraprastha Gas Ltd.,99905,L23201DL1998PLC097614,Natural gas trading & distribution,1.0104E+14,1,"Storage and warehousing n.e.c.[Includes general merchandise warehouses and warehousing of furniture, automobiles, gas and oil, chemicals, textiles etc. Also included is storage of goods in foreign trade zones]",52109,INE203G01027,IGL
Indus Towers Ltd.,373095,L64201HR2006PLC073821,Telecommunication services,1.01041E+14,1,"Activities of maintaining and operating pageing, cellular and other telecommunication networks",61202,INE121J01017,INDUSTOWER
Indusind Bank Ltd.,100224,L65191PN1994PLC076333,Banking services,1.0201E+14,3,"Monetary intermediation of commercial banks, saving banks. postal savings bank and discount houses",64191,INE095A01012,INDUSINDBK
Info Edge (India) Ltd.,369167,L74899DL1995PLC068021,ITES,1.01041E+14,1,Other business support service activities n.e.c.,82990,INE663F01032,NAUKRI
Infosys Ltd.,100632,L85110KA1981PLC013115,Computer software,1.01041E+14,1,Providing software support and maintenance to the clients,62013,INE009A01021,INFY
Inox India Ltd.,101068,L99999GJ1976PLC018945,Other ferrous metal products,1.01014E+14,1,"Manufacture of metal reservoirs, tanks and similar containers",25122,INE616N01034,INOXINDIA
Inox Wind Ltd.,386273,L31901HP2009PLC031083,Boilers & turbines,1.01014E+14,1,"Manufacture of engines and turbines, except aircraft, vehicle and cycle engines",28110,INE066P01011,INOXWIND
Intellect Design Arena Ltd.,468995,L72900TN2011PLC080183,Computer software,1.01041E+14,1,Providing software support and maintenance to the clients,62013,INE306R01017,INTELLECT
Interglobe Aviation Ltd.,395047,L62100DL2004PLC129768,Air transport services,1.01041E+14,1,Passenger airways,51101,INE646L01027,INDIGO
International Gemmological Institute (India) Ltd.,102027,L46591MH1999PLC118476,Diversified non-financial services,1.01044E+14,1,Other non-specialised wholesale trade n.e.c.,46909,INE0Q9301021,IGIL
Inventurus Knowledge Solutions Ltd.,488965,L72200MH2006PLC337651,ITES,1.01041E+14,1,Other information service activities n.e.c.,63999,INE115Q01022,IKS
Ipca Laboratories Ltd.,102576,L24239MH1949PLC007837,Drugs & pharmaceuticals,1.01012E+14,1,Manufacture of allopathic pharmaceutical preparations,21002,INE571A01038,IPCALAB
Ircon International Ltd.,102632,L45203DL1976GOI008171,Industrial construction,1.0106E+14,1,Construction of utility projects n.e.c.,42209,INE962Y01021,IRCON
J B Chemicals & Pharmaceuticals Ltd.,103261,L24390MH1976PLC019380,Drugs & pharmaceuticals,1.01012E+14,1,Manufacture of allopathic pharmaceutical preparations,21002,INE572A01036,JBCHEPHARM
J B M Auto Ltd.,103305,L74899HR1996PLC123264,Other automobile ancillaries,1.01015E+14,1,Manufacture of other attachments to motor vehicles n.e.c.,29209,INE927D01051,JBMA
J K Cement Ltd.,337911,L17229UP1994PLC017199,Cement,1.01013E+14,1,"Manufacture of portland cement, aluminous cement, slag cement and similar hydraulic cement",23942,INE823G01014,JKCEMENT
J K Tyre & Inds. Ltd.,103877,L67120RJ1951PLC045966,Tyres & tubes,1.01015E+14,1,Manufacture of rubber tyres and tubes n.e.c.,22119,INE573A01042,JKTYRE
J M Financial Ltd.,104232,L67120MH1986PLC038784,Asset management services (mutual funds),1.02281E+14,2,Management of mutual funds,66301,INE780C01023,JMFINANCIL
J S W Energy Ltd.,109868,L74999MH1994PLC077041,Conventional electricity,1.0103E+14,1,Electric power generation by coal based thermal power plants,35102,INE121E01018,JSWENERGY
J S W Infrastructure Ltd.,377019,L45200MH2006PLC161268,Diversified,1.1E+14,1,Diversified,34,INE880J01026,JSWINFRA
J S W Steel Ltd.,109874,L27102MH1994PLC152925,Steel,1.01014E+14,1,Manufacture of hot-rolled and cold-rolled products of steel,24105,INE019A01038,JSWSTEEL
Jaiprakash Power Ventures Ltd.,106583,L40101MP1994PLC042920,Conventional electricity,1.0103E+14,1,Electric power generation by hydroelectric power plants,35101,INE351F01018,JPPOWER
Jammu & Kashmir Bank Ltd.,107160,L65110JK1938SGC000048,Banking services,1.0201E+14,3,"Monetary intermediation of commercial banks, saving banks. postal savings bank and discount houses",64191,INE168A01041,J&KBANK
Jindal Saw Ltd.,214966,L27104UP1984PLC023979,Steel pipes & tubes,1.01014E+14,1,"Manufacture of tubes, pipes and hollow profiles and of tube or pipe fittings of cast-iron/cast-steel",24311,INE324A01032,JINDALSAW
Jindal Stainless Ltd.,339130,L26922HR1980PLC010901,Steel,1.01014E+14,1,Manufacture of hot-rolled and cold-rolled products of steel,24105,INE220G01021,JSL
Jindal Steel Ltd.,109856,L27105HR1979PLC009913,Other ferrous metal products,1.01014E+14,1,Manufacture of basic iron and steel,2410,INE749A01030,JINDALSTEL
Jio Financial Services Ltd.,196775,L65990MH1999PLC120918,Other fund based financial services,1.0224E+14,2,"Trusts, funds and other financial vehicles",64300,INE758E01017,JIOFIN
Jubilant Foodworks Ltd.,62499,L74899UP1995PLC043677,Bakery products,1.01011E+14,1,Manufacture of other bakery products n.e.c.,10719,INE797F01020,JUBLFOOD
Jubilant Ingrevia Ltd.,639886,L24299UP2019PLC122657,Drugs & pharmaceuticals,1.01012E+14,1,"Manufacture of pharmaceuticals, medicinal chemical and botanical products",2100,INE0BY001018,JUBLINGREA
Jubilant Pharmova Ltd.,110698,L24116UP1978PLC004624,Other chemical products,1.01012E+14,1,Manufacture of Chemicals and Chemical products,20,INE700A01033,JUBLPHARMA
Jupiter Wagons Ltd.,49545,L28100MP1979PLC049375,Other transport equipment & ancillaries,1.01015E+14,1,"Manufacture of self-propelled railway or tramway coaches, vans and trucks, maintenance or service vehicles",30202,INE209L01016,JWL
Jyothy Labs Ltd.,111105,L24240MH1992PLC128651,Personal & home care products,1.01013E+14,1,Manufacture of soap all forms,20231,INE668F01031,JYOTHYLAB
Jyoti C N C Automation Ltd.,338329,L29221GJ1991PLC014914,Diversified machinery,1.01014E+14,1,"Manufacture of other general purpose machinery n.e.c. ( fans intended for industrial applications, exhaust hoods for commercial, laboratory or industrial use; calendering or other rolling machines other than for metals or glass; gaskets and similar joints made of a combination of materials or layers of the same material and other general purpose machinery including Manufacture of parts and accessories for general purpose machinery and equipment.)",28199,INE980O01024,JYOTICNC
K E C International Ltd.,369988,L45200MH2005PLC152061,Other construction & allied activities,1.0106E+14,1,Other civil engineering projects n.e.c.,42909,INE389H01022,KEC
K P I T Technologies Ltd.,580286,L74999PN2018PLC174192,Computer software,1.01041E+14,1,Providing software support and maintenance to the clients,62013,INE04I401011,KPITTECH
K P R Mill Ltd.,112804,L17111TZ2003PLC010518,Diversified cotton textile,1.01012E+14,1,Finishing of cotton and blended cotton textiles.,13131,INE930H01031,KPRMILL
K S B Ltd.,113102,L29120MH1960PLC011635,General purpose machinery,1.01014E+14,1,"Manufacture of other pumps, compressors, taps and valves etc.",28132,INE999A01023,KSB
Kajaria Ceramics Ltd.,114150,L26924HR1985PLC056150,Ceramic products,1.01013E+14,1,Manufacture of ceramic products n.e.c.,23939,INE217B01036,KAJARIACER
Kalpataru Projects Intl. Ltd.,114749,L40100GJ1981PLC004281,Infrastructural construction,1.0106E+14,1,Other civil engineering projects n.e.c.,42909,INE220B01022,KPIL
Kalyan Jewellers India Ltd.,394431,L36911KL2009PLC024641,Gems & jewellery,1.01013E+14,1,"Manufacture of jewellery of gold, silver and other precious or base metal metal clad with precious metals or precious or semi-precious stones, or of combinations of precious metal and precious or semi-precious stones or of other materials",32111,INE303R01014,KALYANKJIL
Karur Vysya Bank Ltd.,117648,L65110TN1916PLC001295,Banking services,1.0201E+14,3,"Monetary intermediation of commercial banks, saving banks. postal savings bank and discount houses",64191,INE036D01028,KARURVYSYA
Kaynes Technology India Ltd.,472977,L29128KA2008PLC045825,Other electronics,1.01014E+14,1,"Manufacture of bare printed circuit boards, loading of components onto printed circuit boards; Manufacture of interface cards (e.g. sound, video, controllers, network, modems)",26104,INE918Z01012,KAYNES
Kei Industries Ltd.,118894,L74899DL1992PLC051527,Wires & cables,1.01014E+14,1,"Manufacture of other electronic and electric wires and cables (insulated wire and cable made of steel, copper, aluminium)",27320,INE878B01027,KEI
Kfin Technologies Ltd.,571657,L72400MH2017PLC444072,Business services & consultancy,1.01042E+14,1,Data processing activities including report writing,63111,INE138Y01010,KFINTECH
Kirloskar Brothers Ltd.,121140,L29113PN1920PLC000670,General purpose machinery,1.01014E+14,1,"Manufacture of other pumps, compressors, taps and valves etc.",28132,INE732A01036,KIRLOSBROS
Kirloskar Oil Engines Ltd.,383930,L29100PN2009PLC133351,Engines,1.01014E+14,1,"Manufacture of engines and turbines, except aircraft, vehicle and cycle engines",28110,INE146L01010,KIRLOSENG
Kotak Mahindra Bank Ltd.,122573,L65110MH1985PLC038137,Banking services,1.0201E+14,3,"Monetary intermediation of commercial banks, saving banks. postal savings bank and discount houses",64191,INE237A01028,KOTAKBANK
Krishna Institute Of Medical Sciences Ltd.,347081,L55101TG1973PLC040558,Health services,1.01042E+14,1,Hospital activities,86100,INE967H01025,KIMS
L & T Finance Ltd.,385630,L67120MH2008PLC181833,Other fund based financial services,1.0224E+14,2,"Other financial service activities, except insurance and pension funding activities, n.e.c.",64990,INE498L01015,LTF
L & T Technology Services Ltd.,468516,L72900MH2012PLC232169,Business services & consultancy,1.01042E+14,1,Architectural and engineering activities and related technical consultancy,71100,INE010V01017,LTTS
L I C Housing Finance Ltd.,125401,L65922MH1989PLC052257,Housing finance services,1.0216E+14,2,Activities of specialized institutions granting credit for house purchases that also take deposits,64192,INE115A01026,LICHSGFIN
L T Foods Ltd.,125758,L74899DL1990PLC041790,Other agricultural products,1.01011E+14,1,Growing of wheat,1111,INE818H01020,LTFOODS
Larsen & Toubro Ltd.,127106,L99999MH1946PLC004768,Industrial construction,1.0106E+14,1,Construction of utility projects n.e.c.,42209,INE018A01030,LT
Latent View Analytics Ltd.,478127,L72300TN2006PLC058481,Diversified non-financial services,1.01044E+14,1,Other non-specialised wholesale trade n.e.c.,46909,INE0I7C01011,LATENTVIEW
Laurus Labs Ltd.,374851,L24239AP2005PLC047518,Drugs & pharmaceuticals,1.01012E+14,1,"Manufacture of pharmaceuticals, medicinal chemical and botanical products",2100,INE947Q01028,LAURUSLABS
Leela Palaces Hotels & Resorts Ltd.,602676,L55209DL2019PLC347492,Hotels & restaurants,1.0104E+14,1,"Hotels and Motels, inns, resorts providing short term lodging facilities; includes accommodation in house boats",55101,INE0AQ201015,THELEELA
Lemon Tree Hotels Ltd.,371089,L74899DL1992PLC049022,Hotels & restaurants,1.0104E+14,1,"Hotels and Motels, inns, resorts providing short term lodging facilities; includes accommodation in house boats",55101,INE970X01018,LEMONTREE
Life Insurance Corpn. Of India,128507,,Insurance services,1.0219E+14,2,Life insurance,65110,INE0J1Y01017,LICI
Linde India Ltd.,27347,L40200WB1935PLC008184,Inorganic chemicals,1.01012E+14,1,Manufacture of basic chemical elements,20116,INE473A01011,LINDEINDIA
Lloyds Metals & Energy Ltd.,129219,L40300MH1977PLC019594,Minerals,1.0102E+14,1,Mining of iron ores,7100,INE281B01032,LLOYDSME
Lodha Developers Ltd.,129286,L45200MH1995PLC093041,Housing construction,1.0106E+14,1,Construction of buildings carried out on own-account basis or on a fee or contract basis,41001,INE670K01029,LODHA
Ltimindtree Ltd.,127105,L72900MH1996PLC104693,Computer software,1.01041E+14,1,Providing software support and maintenance to the clients,62013,INE214T01019,LTIM
Lupin Ltd.,130382,L24100MH1983PLC029442,Drugs & pharmaceuticals,1.01012E+14,1,Manufacture of allopathic pharmaceutical preparations,21002,INE326A01037,LUPIN
M M T C Ltd.,132144,L51909DL1963GOI004033,Other fund based financial services,1.0224E+14,2,"Trusts, funds and other financial vehicles",64300,INE123F01029,MMTC
M R F Ltd.,132572,L25111TN1960PLC004306,Tyres & tubes,1.01015E+14,1,Manufacture of rubber tyres and tubes n.e.c.,22119,INE883A01011,MRF
Mahanagar Gas Ltd.,135491,L40200MH1995PLC088133,Natural gas trading & distribution,1.0104E+14,1,"Storage and warehousing n.e.c.[Includes general merchandise warehouses and warehousing of furniture, automobiles, gas and oil, chemicals, textiles etc. Also included is storage of goods in foreign trade zones]",52109,INE002S01010,MGL
Maharashtra Scooters Ltd.,135715,L35912MH1975PLC018376,Other fund based financial services,1.0224E+14,2,"Trusts, funds and other financial vehicles",64300,INE288A01013,MAHSCOOTER
Maharashtra Seamless Ltd.,135716,L99999MH1988PLC080545,Steel pipes & tubes,1.01014E+14,1,"Manufacture of tubes, pipes and hollow profiles and of tube or pipe fittings of cast-iron/cast-steel",24311,INE271B01025,MAHSEAMLES
Mahindra & Mahindra Financial Services Ltd.,136443,L65921MH1991PLC059642,Auto finance services,1.0216E+14,2,Other credit granting,64920,INE774D01024,M&MFIN
Mahindra & Mahindra Ltd.,136444,L65990MH1945PLC004558,Diversified automobile,1.01015E+14,1,Manufacture of motor vehicles,2910,INE101A01026,M&M
Manappuram Finance Ltd.,137828,L65910KL1992PLC006623,Other asset financing services,1.02162E+14,2,Other credit granting,64920,INE522D01027,MANAPPURAM
Mangalore Refinery & Petrochemicals Ltd.,138385,L23209KA1988GOI008959,Refinery,1.01012E+14,1,"Manufacture of other petroleum n.e.c. (includes Manufacture of petroleum jelly, micro-crystalline petroleum wax, slack wax, ozokerite, lignite wax, petroleum coke, petroleum bitumen and other residues of petroleum oils or of oils obtained from bituminous minerals)",19209,INE103A01014,MRPL
Mankind Pharma Ltd.,370479,L74899DL1991PLC044843,Wholesale trading,1.0104E+14,1,Wholesale of pharmaceutical and medical goods,46497,INE634S01028,MANKIND
Marico Ltd.,140097,L15140MH1988PLC049208,Vegetable oils & products,1.01011E+14,1,Manufacture of vegetable oils and fats excluding corn oil,10402,INE196A01026,MARICO
Maruti Suzuki India Ltd.,140829,L34103DL1981PLC011375,Passenger vehicles,1.01015E+14,1,Manufacture of passenger cars,29101,INE585B01010,MARUTI
Max Financial Services Ltd.,141851,L24223PB1988PLC008031,Other fund based financial services,1.0224E+14,2,"Trusts, funds and other financial vehicles",64300,INE180A01020,MFSL
Max Healthcare Institute Ltd.,324892,L72200MH2001PLC322854,Health services,1.01042E+14,1,Hospital activities,86100,INE027H01010,MAXHEALTH
Mazagon Dock Shipbuilders Ltd.,142441,L35100MH1934GOI002079,Other transport equipment & ancillaries,1.01015E+14,1,Building of ships and boats,301,INE249Z01020,MAZDOCK
Metropolis Healthcare Ltd.,393756,L73100MH2000PLC192798,Health services,1.01042E+14,1,Medical practice activities,86201,INE112L01020,METROPOLIS
Minda Corporation Ltd.,146438,L74899DL1985PLC020401,Other automobile ancillaries,1.01015E+14,1,Manufacture of other attachments to motor vehicles n.e.c.,29209,INE842C01021,MINDACORP
Motherson Sumi Wiring India Ltd.,646517,L29306MH2020PLC341326,Other automobile ancillaries,1.01015E+14,1,Manufacture of other attachments to motor vehicles n.e.c.,29209,INE0FS801015,MSUMI
Motilal Oswal Financial Services Ltd.,374273,L67190MH2005PLC153397,Other fee based financial services,1.02282E+14,2,"Monetary intermediation of commercial banks, saving banks. postal savings bank and discount houses",64191,INE338I01027,MOTILALOFS
Mphasis Ltd.,149899,L30007KA1992PLC025294,Computer software,1.01041E+14,1,Providing software support and maintenance to the clients,62013,INE356A01018,MPHASIS
Multi Commodity Exchange Of India Ltd.,338286,L51909MH2002PLC135594,Other fee based financial services,1.02282E+14,2,"Monetary intermediation of commercial banks, saving banks. postal savings bank and discount houses",64191,INE745G01035,MCX
Muthoot Finance Ltd.,288148,L65910KL1997PLC011300,Other asset financing services,1.02162E+14,2,Other credit granting,64920,INE414G01012,MUTHOOTFIN
N B C C (India) Ltd.,155548,L74899DL1960GOI003335,Business services & consultancy,1.01042E+14,1,Architectural and engineering activities and related technical consultancy,71100,INE095N01031,NBCC
N C C Ltd.,153366,L72200TG1990PLC011146,Infrastructural construction,1.0106E+14,1,Other civil engineering projects n.e.c.,42909,INE868B01028,NCC
N H P C Ltd.,155600,L40101HR1975GOI032564,Conventional electricity,1.0103E+14,1,Electric power generation by hydroelectric power plants,35101,INE848E01016,NHPC
N L C India Ltd.,158982,L93090TN1956GOI003507,Conventional electricity,1.0103E+14,1,"Electric power generation by non-coal based thermal (e.g. diesel, gas )",35103,INE589A01014,NLCINDIA
N M D C Ltd.,155630,L13100TG1958GOI001674,Minerals,1.0102E+14,1,Mining of iron ores,7100,INE584A01023,NMDC
N M D C Steel Ltd.,528347,L27310CT2015GOI001618,Steel,1.01014E+14,1,Manufacture of hot-rolled and cold-rolled products of steel,24105,INE0NNS01018,NSLNISP
N T P C Green Energy Ltd.,672372,L40100DL2022GOI396282,Renewable electricity,1.0103E+14,1,Electric power generation using other non conventional sources,35106,INE0ONG01011,NTPCGREEN
N T P C Ltd.,155695,L40101DL1975GOI007966,Conventional electricity,1.0103E+14,1,"Electric power generation by non-coal based thermal (e.g. diesel, gas )",35103,INE733E01010,NTPC
Narayana Hrudayalaya Ltd.,346089,L85110KA2000PLC027497,Health services,1.01042E+14,1,Hospital activities,86100,INE410P01011,NH
Natco Pharma Ltd.,155423,L24230TG1981PLC003201,Drugs & pharmaceuticals,1.01012E+14,1,"Manufacture of pharmaceuticals, medicinal chemical and botanical products",2100,INE987B01026,NATCOPHARM
National Aluminium Co. Ltd.,155529,L27203OR1981GOI000920,Aluminium & aluminium products,1.01014E+14,1,Manufacture of Aluminium from alumina and by other methods and products of aluminium and alloys,24202,INE139A01034,NATIONALUM
Nava Ltd.,155990,L27101TG1972PLC001549,Ferro alloys,1.01014E+14,1,Manufacture of ferro-alloys,24104,INE725A01030,NAVA
Navin Fluorine Intl. Ltd.,176967,L24110MH1998PLC115499,Inorganic chemicals,1.01012E+14,1,Manufacture of organic and inorganic chemical compounds n.e.c.,20119,INE048G01026,NAVINFLUOR
Nestle India Ltd.,157827,L15202DL1959PLC003786,Processed foods,1.01011E+14,1,Manufacture of other non-alcoholic beverages n.e.c.,11049,INE239A01024,NESTLEIND
Netweb Technologies India Ltd.,158025,L72100HR1999PLC103911,"Computers, peripherals & storage devices",1.01014E+14,1,"Manufacture of desktop computers, laptop computers, hand-held computers (e.g. PDA), mainframe computers and computer servers",26201,INE0NT901020,NETWEB
Neuland Laboratories Ltd.,158089,L85195TG1984PLC004393,Drugs & pharmaceuticals,1.01012E+14,1,"Manufacture of pharmaceuticals, medicinal chemical and botanical products",2100,INE794A01010,NEULANDLAB
New India Assurance Co. Ltd.,158427,L66000MH1919GOI000526,Insurance services,1.0219E+14,2,Non-life insurance,65120,INE470Y01017,NIACL
Newgen Software Technologies Ltd.,158780,L72200DL1992PLC049074,Computer software,1.01041E+14,1,Providing software support and maintenance to the clients,62013,INE619B01017,NEWGEN
Nippon Life India Asset Mgmt. Ltd.,196587,L65910MH1995PLC220793,Asset management services (mutual funds),1.02281E+14,2,Management of mutual funds,66301,INE298J01013,NAM-INDIA
Niva Bupa Health Insurance Co. Ltd.,397674,L66000DL2008PLC182918,Insurance services,1.0219E+14,2,Non-life insurance,65120,INE995S01015,NIVABUPA
Nuvama Wealth Mgmt. Ltd.,199725,L67110MH1993PLC344634,Other fee based financial services,1.02282E+14,2,"Monetary intermediation of commercial banks, saving banks. postal savings bank and discount houses",64191,INE531F01015,NUVAMA
Nuvoco Vistas Corporation Ltd.,126061,L26940MH1999PLC118229,Cement,1.01013E+14,1,"Manufacture of portland cement, aluminous cement, slag cement and similar hydraulic cement",23942,INE118D01016,NUVOCO
Oberoi Realty Ltd.,120889,L45200MH1998PLC114818,Housing construction,1.0106E+14,1,Construction of buildings carried out on own-account basis or on a fee or contract basis,41001,INE093I01010,OBEROIRLTY
Oil & Natural Gas Corpn. Ltd.,163226,L74899DL1993GOI054155,Crude oil & natural gas,1.0102E+14,1,Extraction of crude petroleum,610,INE213A01029,ONGC
Oil India Ltd.,163229,L11101AS1959GOI001148,Crude oil & natural gas,1.0102E+14,1,Extraction of crude petroleum,610,INE274J01014,OIL
Ola Electric Mobility Ltd.,590793,L74999KA2017PLC099619,Other fund based financial services,1.0224E+14,2,"Trusts, funds and other financial vehicles",64300,INE0LXG01040,OLAELEC
Olectra Greentech Ltd.,83912,L34100TG2000PLC035451,Commercial vehicles,1.01015E+14,1,"Manufacture of commercial vehicles such as vans, lorries, over-the-road tractors for semi-trailers etc.",29102,INE260D01016,OLECTRA
One 97 Communications Ltd.,368872,L72200DL2000PLC108985,Telecommunication services,1.01041E+14,1,Other telecommunications activities,61900,INE982J01020,PAYTM
Onesource Specialty Pharma Ltd.,402921,L74140MH2007PLC432497,Business services & consultancy,1.01042E+14,1,Scientific research and Development,72,INE013P01021,ONESOURCE
Oracle Financial Services Software Ltd.,97191,L72200MH1989PLC053666,Computer software,1.01041E+14,1,Providing software support and maintenance to the clients,62013,INE881D01027,OFSS
P B Fintech Ltd.,402730,L51909HR2008PLC037998,Other fund based financial services,1.0224E+14,2,"Monetary intermediation of commercial banks, saving banks. postal savings bank and discount houses",64191,INE417T01026,POLICYBZR
P C B L Chemical Ltd.,174924,L23109WB1960PLC024602,Inorganic chemicals,1.01012E+14,1,Manufacture of organic and inorganic chemical compounds n.e.c.,20119,INE602A01031,PCBL
P G Electroplast Ltd.,388233,L32109DL2003PLC119416,"Plastic furniture, floorings & miscellaneous items",1.01012E+14,1,Manufacture of other plastics products n.e.c.,22209,INE457L01029,PGEL
P I Industries Ltd.,166523,L24211RJ1946PLC000469,Pesticides,1.01012E+14,1,Manufacture of pesticides and other agrochemical products,2021,INE603J01030,PIIND
P N B Housing Finance Ltd.,167123,L65922DL1988PLC033856,Housing finance services,1.0216E+14,2,Activities of specialized institutions granting credit for house purchases that also take deposits,64192,INE572E01012,PNBHOUSING
P T C Industries Ltd.,167786,L27109UP1963PLC002931,Castings & forgings,1.01014E+14,1,Manufacture of other iron and steel casting and products thereof,24319,INE596F01018,PTCIL
P V R Inox Ltd.,182249,L74899MH1995PLC387971,Exhibition of films,1.01042E+14,1,"Motion picture or video tape projection in cinemas, in the open air or in other projection facilities",59141,INE191H01014,PVRINOX
Page Industries Ltd.,168589,L18101KA1994PLC016554,Readymade garments,1.01012E+14,1,"Manufacture of wearing apparel, except fur apparel",1410,INE761H01022,PAGEIND
Patanjali Foods Ltd.,200649,L15140MH1986PLC038536,Vegetable oils & products,1.01011E+14,1,"Manufacture  of  oil  cakes  &  meals  incl.  residual  products,  e.g. Oleostearin,Palmstearin",10406,INE619A01035,PATANJALI
Persistent Systems Ltd.,174488,L72300PN1990PLC056696,Computer software,1.01041E+14,1,Providing software support and maintenance to the clients,62013,INE262H01021,PERSISTENT
Petronet L N G Ltd.,174683,L74899DL1998PLC093073,Natural gas trading & distribution,1.0104E+14,1,"Storage and warehousing n.e.c.[Includes general merchandise warehouses and warehousing of furniture, automobiles, gas and oil, chemicals, textiles etc. Also included is storage of goods in foreign trade zones]",52109,INE347G01014,PETRONET
Pfizer Ltd.,174726,L24231MH1950PLC008311,Drugs & pharmaceuticals,1.01012E+14,1,Manufacture of allopathic pharmaceutical preparations,21002,INE182A01018,PFIZER
Phoenix Mills Ltd.,175018,L17100MH1905PLC000200,Business services & consultancy,1.01042E+14,1,Rental and leasing activities,77,INE211B01039,PHOENIXLTD
Pidilite Industries Ltd.,175214,L24100MH1969PLC014336,Other chemical products,1.01012E+14,1,Manufacture of Chemicals and Chemical products,20,INE318A01026,PIDILITIND
Piramal Pharma Ltd.,611786,L24297MH2020PLC338592,Drugs & pharmaceuticals,1.01012E+14,1,Manufacture of other pharmaceutical and botanical products n.e.c. like hina powder etc.,21009,INE0DK501011,PPLPHARMA
Poly Medicure Ltd.,176861,L40300DL1995PLC066923,Miscellaneous manufactured articles,1.01015E+14,1,"Manufacture of bone plates and screws, syringes, needles, catheters, cannulae, etc.",32504,INE205C01021,POLYMED
Polycab India Ltd.,176885,L31300GJ1996PLC114183,Wires & cables,1.01014E+14,1,"Manufacture of other electronic and electric wires and cables (insulated wire and cable made of steel, copper, aluminium)",27320,INE455K01017,POLYCAB
Poonawalla Fincorp Ltd.,134789,L51504PN1978PLC209007,Auto finance services,1.0216E+14,2,Other credit granting,64920,INE511C01022,POONAWALLA
Power Finance Corpn. Ltd.,177753,L65910DL1986GOI024862,Infrastructure finance services,1.02161E+14,2,Other credit granting,64920,INE134E01011,PFC
Power Grid Corpn. Of India Ltd.,177758,L40101DL1989GOI038121,Electricity transmission,1.0103E+14,1,Transmission of electric energy,35107,INE752E01010,POWERGRID
Praj Industries Ltd.,178651,L27101PN1985PLC038031,Industrial construction,1.0106E+14,1,Construction of utility projects n.e.c.,42209,INE074A01025,PRAJIND
Premier Energies Ltd.,180890,L40106TG1995PLC019909,Wholesale trading,1.0104E+14,1,Wholesale of other electronic equipments and parts thereof,46529,INE0BS701011,PREMIERENE
Prestige Estates Projects Ltd.,181215,L07010KA1997PLC022322,Housing construction,1.0106E+14,1,Construction of buildings carried out on own-account basis or on a fee or contract basis,41001,INE811K01011,PRESTIGE
Procter & Gamble Hygiene & Health Care Ltd.,182523,L24239MH1964PLC012971,Personal & home care products,1.01013E+14,1,Manufacture of other perfumes and toilet preparations n.e.c.,20239,INE179A01014,PGHH
Punjab National Bank,183861,,Banking services,1.0201E+14,3,"Monetary intermediation of commercial banks, saving banks. postal savings bank and discount houses",64191,INE160A01022,PNB
R B L Bank Ltd.,194815,L65191PN1943PLC007308,Banking services,1.0201E+14,3,"Monetary intermediation of commercial banks, saving banks. postal savings bank and discount houses",64191,INE976G01028,RBLBANK
R E C Ltd.,201111,L40101DL1969GOI005095,Infrastructure finance services,1.02161E+14,2,Other credit granting,64920,INE020B01018,RECLTD
R H I Magnesita India Ltd.,406292,L28113MH2010PLC312871,Diversified non-financial services,1.01044E+14,1,Other non-specialised wholesale trade n.e.c.,46909,INE743M01012,RHIM
R R Kabel Ltd.,192420,L28997MH1995PLC085294,Wires & cables,1.01014E+14,1,"Manufacture of other electronic and electric wires and cables (insulated wire and cable made of steel, copper, aluminium)",27320,INE777K01022,RRKABEL
Radico Khaitan Ltd.,4671,L26941UP1983PLC027278,Alcoholic beverages,1.01011E+14,1,"Manufacture of distilled, potable, alcoholic beverages such as whisky, brandy, gin, 'mixed drinks' etc.",11011,INE944F01028,RADICO
Rail Vikas Nigam Ltd.,329799,L74999DL2003GOI118633,Infrastructural construction,1.0106E+14,1,Construction and maintenance of railways and rail-bridges,42102,INE415G01027,RVNL
Railtel Corporation Of India Ltd.,189566,L64202DL2000GOI107905,Telecommunication services,1.01041E+14,1,Telecommunications,61,INE0DD101019,RAILTEL
Rainbow Children'S Medicare Ltd.,327615,L85110TG1998PLC029914,Health services,1.01042E+14,1,Hospital activities,86100,INE961O01016,RAINBOW
Ramco Cements Ltd.,134435,L26941TN1957PLC003566,Cement,1.01013E+14,1,Manufacture of clinkers and cement,23941,INE331A01037,RAMCOCEM
Ramkrishna Forgings Ltd.,193189,L74210WB1981PLC034281,Castings & forgings,1.01014E+14,1,"Forging, pressing, stamping and roll-forming of metal; powder metallurgy",25910,INE399G01023,RKFORGE
Rashtriya Chemicals & Fertilizers Ltd.,194371,L24110MH1978GOI020185,Fertilisers,1.01012E+14,1,"Manufacture of straight mixed, compound or complex inorganic fertilizers",20122,INE027A01015,RCF
Redington Ltd.,195939,L52599TN1961PLC028758,Wholesale trading,1.0104E+14,1,Wholesale of computers and computer peripheral equipment,46511,INE891D01026,REDINGTON
Reliance Industries Ltd.,196667,L17110MH1973PLC019786,Refinery,1.01012E+14,1,"Manufacture of other petroleum n.e.c. (includes Manufacture of petroleum jelly, micro-crystalline petroleum wax, slack wax, ozokerite, lignite wax, petroleum coke, petroleum bitumen and other residues of petroleum oils or of oils obtained from bituminous minerals)",19209,INE002A01018,RELIANCE
Reliance Infrastructure Ltd.,27747,L75100MH1929PLC001530,Industrial construction,1.0106E+14,1,Construction of utility projects n.e.c.,42209,INE036A01016,RELINFRA
Reliance Power Ltd.,196608,L40101MH1995PLC084687,Other fund based financial services,1.0224E+14,2,"Other financial service activities, except insurance and pension funding activities, n.e.c.",64990,INE614G01033,RPOWER
Rites Ltd.,189557,L74899DL1974GOI007227,Business services & consultancy,1.01042E+14,1,Management consultancy activities,70200,INE320J01015,RITES
S B F C Finance Ltd.,542382,L67190MH2008PLC178270,Other fund based financial services,1.0224E+14,2,"Other financial service activities, except insurance and pension funding activities, n.e.c.",64990,INE423Y01016,SBFC
S B I Cards & Payment Services Ltd.,201637,L65999DL1998PLC093849,Other fund based financial services,1.0224E+14,2,"Other financial service activities, except insurance and pension funding activities, n.e.c.",64990,INE018E01016,SBICARD
S B I Life Insurance Co. Ltd.,201643,L99999MH2000PLC129113,Insurance services,1.0219E+14,2,Life insurance,65110,INE123W01016,SBILIFE
S J V N Ltd.,155509,L40101HP1988GOI008409,Conventional electricity,1.0103E+14,1,Electric power generation by hydroelectric power plants,35101,INE002L01015,SJVN
S K F India Ltd.,203025,L29130PN1961PLC213113,General purpose machinery,1.01014E+14,1,"Manufacture of bearings, gears, gearing and driving elements",28140,INE640A01023,SKFINDIA
S R F Ltd.,204866,L18101DL1970PLC005197,Other chemical products,1.01012E+14,1,Manufacture of Chemicals and Chemical products,20,INE647A01010,SRF
Sagility Ltd.,659273,L72900KA2021PLC150054,ITES,1.01041E+14,1,Other information service activities n.e.c.,63999,INE0W2G01015,SAGILITY
Sai Life Sciences Ltd.,370753,L24110TG1999PLC030970,Drugs & pharmaceuticals,1.01012E+14,1,Manufacture of other pharmaceutical and botanical products n.e.c. like hina powder etc.,21009,INE570L01029,SAILIFE
Sammaan Capital Ltd.,370967,L65922DL2005PLC136029,Housing finance services,1.0216E+14,2,Activities of specialized institutions granting credit for house purchases that also take deposits,64192,INE148I01020,SAMMAANCAP
Samvardhana Motherson Intl. Ltd.,149616,L35106MH1986PLC284510,Other automobile ancillaries,1.01015E+14,1,"Manufacture of motor vehicle electrical equipment, such as generators, alternators, spark plugs, ignition wiring harnesses, power window and door systems, assembly of purchased gauges into instrument panels, voltage regulators, etc.",29304,INE775A01035,MOTHERSON
Sapphire Foods India Ltd.,576616,L55204MH2009PLC197005,Hotels & restaurants,1.0104E+14,1,"Hotels and Motels, inns, resorts providing short term lodging facilities; includes accommodation in house boats",55101,INE806T01020,SAPPHIRE
Sarda Energy & Minerals Ltd.,189737,L27100MH1973PLC016617,Other ferrous metal products,1.01014E+14,1,Manufacture of basic iron and steel,2410,INE385C01021,SARDAEN
Saregama India Ltd.,212914,L22213WB1946PLC014346,Diversified non-financial services,1.01044E+14,1,Other non-specialised wholesale trade n.e.c.,46909,INE979A01025,SAREGAMA
Schaeffler India Ltd.,71439,L29130PN1962PLC204515,General purpose machinery,1.01014E+14,1,"Manufacture of bearings, gears, gearing and driving elements",28140,INE513A01022,SCHAEFFLER
Schneider Electric Infrastructure Ltd.,408877,L31900GJ2011PLC064420,"Generators, transformers & switchgears",1.01014E+14,1,"Manufacture of electric motors, generators, transformers and electricity distribution and control apparatus",2710,INE839M01018,SCHNEIDER
Shipping Corpn. Of India Ltd.,220724,L63030MH1950GOI008033,Shipping transport services,1.01041E+14,1,Water transport,50,INE109A01011,SCI
Shree Cement Ltd.,222402,L26943RJ1979PLC001935,Cement,1.01013E+14,1,Manufacture of clinkers and cement,23941,INE070A01015,SHREECEM
Shriram Finance Ltd.,225455,L65191TN1979PLC007874,Auto finance services,1.0216E+14,2,Other credit granting,64920,INE721A01047,SHRIRAMFIN
Shyam Metalics & Energy Ltd.,337212,L40101WB2002PLC095491,Other ferrous metal products,1.01014E+14,1,Manufacture of basic iron and steel,2410,INE810G01011,SHYAMMETL
Siemens Energy India Ltd.,715022,L28110MH2024PLC418770,Conventional electricity,1.0103E+14,1,"Collection and distribution of electric energy to households, industrial, commercial and other users n.e.c.",35109,INE1NPP01017,ENRIN
Siemens Ltd.,226821,L28920MH1957PLC010839,Diversified machinery,1.01014E+14,1,"Manufacture of other general purpose machinery n.e.c. ( fans intended for industrial applications, exhaust hoods for commercial, laboratory or industrial use; calendering or other rolling machines other than for metals or glass; gaskets and similar joints made of a combination of materials or layers of the same material and other general purpose machinery including Manufacture of parts and accessories for general purpose machinery and equipment.)",28199,INE003A01024,SIEMENS
Signatureglobal (India) Ltd.,197958,L70100DL2000PLC104787,Other construction & allied activities,1.0106E+14,1,Other civil engineering projects n.e.c.,42909,INE903U01023,SIGNATURE
Sobha Ltd.,229885,L45201KA1995PLC018475,Housing construction,1.0106E+14,1,Construction of buildings carried out on own-account basis or on a fee or contract basis,41001,INE671H01015,SOBHA
Solar Industries India Ltd.,230409,L74999MH1995PLC085878,Other chemical products,1.01012E+14,1,"Manufacture of explosives, ammunition and fire works",20292,INE343H01029,SOLARINDS
Sona B L W Precision Forgings Ltd.,230901,L27300HR1995PLC083037,Other automobile ancillaries,1.01015E+14,1,"Manufacture of diverse parts and accessories for motor vehicles such as brakes, gearboxes, axles, road wheels, suspension shock absorbers, radiators, silencers, exhaust pipes, catalysers, clutches, steering wheels, steering columns and steering boxes etc.",29301,INE073K01018,SONACOMS
Sonata Software Ltd.,231086,L72200MH1994PLC082110,Computer software,1.01041E+14,1,Providing software support and maintenance to the clients,62013,INE269A01021,SONATSOFTW
Star Health & Allied Insurance Co. Ltd.,395052,L66010TN2005PLC056649,Insurance services,1.0219E+14,2,Non-life insurance,65120,INE575P01011,STARHEALTH
State Bank Of India,236328,,Banking services,1.0201E+14,3,"Monetary intermediation of commercial banks, saving banks. postal savings bank and discount houses",64191,INE062A01020,SBIN
Steel Authority Of India Ltd.,236460,L27109DL1973GOI006454,Steel,1.01014E+14,1,Manufacture of hot-rolled and cold-rolled products of steel,24105,INE114A01011,SAIL
Sumitomo Chemical India Ltd.,239425,L24110MH2000PLC124224,Pesticides,1.01012E+14,1,"Manufacture of insecticides, rodenticides, fungicides, herbicides",20211,INE258G01013,SUMICHEM
Sun Pharmaceutical Inds. Ltd.,239726,L24230GJ1993PLC019050,Drugs & pharmaceuticals,1.01012E+14,1,Manufacture of allopathic pharmaceutical preparations,21002,INE044A01036,SUNPHARMA
Sun T V Network Ltd.,239792,L22110TN1985PLC012491,Media-broadcasting,1.01042E+14,1,Television programming and broadcasting activities,6020,INE424H01027,SUNTV
Sundaram Finance Ltd.,240037,L65191TN1954PLC002429,Auto finance services,1.0216E+14,2,Other credit granting,64920,INE660A01013,SUNDARMFIN
Sundram Fasteners Ltd.,240215,L35999TN1962PLC004943,Other automobile ancillaries,1.01015E+14,1,Manufacture of parts and accessories for motor vehicles,2930,INE387A01021,SUNDRMFAST
Supreme Industries Ltd.,242022,L35920MH1942PLC003554,"Plastic tubes, pipes, fittings & sheets",1.01012E+14,1,Manufacture of other plastics products n.e.c.,22209,INE195A01028,SUPREMEIND
Suzlon Energy Ltd.,244056,L40100GJ1995PLC025447,Boilers & turbines,1.01014E+14,1,"Manufacture of engines and turbines, except aircraft, vehicle and cycle engines",28110,INE040H01021,SUZLON
Swan Energy Ltd.,244387,L17100MH1909PLC000294,Cloth,1.01012E+14,1,"Weaving, Manufacture of cotton and cotton mixture fabrics.",13121,INE665A01038,SWANCORP
Swiggy Ltd.,524473,L74110KA2013PLC096530,Online marketplaces,1.01042E+14,1,"Other retail sale not in stores, stalls or markets",47990,INE00H001014,SWIGGY
Syngene International Ltd.,245539,L85110KA1993PLC014937,Drugs & pharmaceuticals,1.01012E+14,1,"Manufacture  of  medicinal  substances  used  in  the  manufacture  of pharmaceuticals: antibiotics, endocrine products, basic vitamins; opium derivatives; sulpha drugs; serums and plasmas; salicylic acid, its salts and esters; glycosides and vegetable alkaloids; chemically pure suger etc.",21001,INE398R01022,SYNGENE
Syrma S G S Technology Ltd.,407472,L30007MH2004PLC148165,Other electronics,1.01014E+14,1,"Manufacture of electronic capacitors, resistors, chokes, coils, trasformers (electronic) and similar components",26101,INE0DYJ01015,SYRMA
T B O Tek Ltd.,431924,L74999DL2006PLC155233,Tourism,1.0104E+14,1,Travel agency activities,79110,INE673O01025,TBOTEK
T V S Motor Co. Ltd.,246615,L35921TN1992PLC022845,Two & three wheelers,1.01015E+14,1,"Manufacture of motorcycles, scooters, mopeds etc. and their engine",30911,INE494B01023,TVSMOTOR
Tata Chemicals Ltd.,248083,L24239MH1939PLC002893,Diversified manufacturing,1.01016E+14,1,Diversified,34,INE092A01019,TATACHEM
Tata Communications Ltd.,265414,L64200MH1986PLC039266,Telecommunication services,1.01041E+14,1,Telecommunications,61,INE151A01013,TATACOMM
Tata Consultancy Services Ltd.,164646,L22210MH1995PLC084781,Computer software,1.01041E+14,1,Providing software support and maintenance to the clients,62013,INE467B01029,TCS
Tata Consumer Products Ltd.,248186,L15491WB1962PLC031425,Tea,1.01011E+14,1,Processing and blending of tea including Manufacture of instant tea,10791,INE192A01025,TATACONSUM
Tata Elxsi Ltd.,248092,L85110KA1989PLC009968,Computer software,1.01041E+14,1,Providing software support and maintenance to the clients,62013,INE670A01012,TATAELXSI
Tata Investment Corpn. Ltd.,248135,L67200MH1937PLC002622,Other fund based financial services,1.0224E+14,2,"Trusts, funds and other financial vehicles",64300,INE672A01026,TATAINVEST
Tata Motors Passenger Vehicles Ltd.,248093,L28920MH1945PLC004520,Commercial vehicles,1.01015E+14,1,"Manufacture of commercial vehicles such as vans, lorries, over-the-road tractors for semi-trailers etc.",29102,INE155A01022,TMPV
Tata Power Co. Ltd.,248165,L28920MH1919PLC000567,Conventional electricity,1.0103E+14,1,"Electric power generation by non-coal based thermal (e.g. diesel, gas )",35103,INE245A01021,TATAPOWER
Tata Steel Ltd.,248136,L27100MH1907PLC000260,Steel,1.01014E+14,1,Manufacture of hot-rolled and cold-rolled products of steel,24105,INE081A01020,TATASTEEL
Tata Technologies Ltd.,248188,L72200PN1994PLC013313,Computer software,1.01041E+14,1,Providing software support and maintenance to the clients,62013,INE142M01025,TATATECH
Tata Teleservices (Maharashtra) Ltd.,95745,L64200MH1995PLC086354,Telecommunication services,1.01041E+14,1,Activities of other wireless telecommunications activities,61209,INE517B01013,TTML
Tech Mahindra Ltd.,136494,L64200MH1986PLC041370,Computer software,1.01041E+14,1,Providing software support and maintenance to the clients,62013,INE669C01036,TECHM
Techno Electric & Engg. Co. Ltd.,387192,L40108UP2005PLC094368,Industrial construction,1.0106E+14,1,Construction and maintenance of power plants,42201,INE285K01026,TECHNOE
Tejas Networks Ltd.,249179,L72900KA2000PLC026980,Communication equipment,1.01014E+14,1,"Manufacture of telephone and facsimile equipment, including telephone answering machines, PBX",26302,INE010J01012,TEJASNET
Thermax Ltd.,250369,L29299PN1980PLC022787,Boilers & turbines,1.01014E+14,1,Manufacture of steam or other vapour generating boilers and hot water boilers other than central heating boilers,25131,INE152A01029,THERMAX
Timken India Ltd.,251194,L29130KA1996PLC048230,General purpose machinery,1.01014E+14,1,"Manufacture of bearings, gears, gearing and driving elements",28140,INE325A01013,TIMKEN
Titagarh Rail Systems Ltd.,251642,L27320WB1997PLC084819,Other transport equipment & ancillaries,1.01015E+14,1,"Manufacture of self-propelled railway or tramway coaches, vans and trucks, maintenance or service vehicles",30202,INE615H01020,TITAGARH
Titan Company Ltd.,251664,L74999TZ1984PLC001456,Gems & jewellery,1.01013E+14,1,"Manufacture of jewellery of gold, silver and other precious or base metal metal clad with precious metals or precious or semi-precious stones, or of combinations of precious metal and precious or semi-precious stones or of other materials",32111,INE280A01028,TITAN
Torrent Pharmaceuticals Ltd.,252196,L24230GJ1972PLC002126,Drugs & pharmaceuticals,1.01012E+14,1,Manufacture of allopathic pharmaceutical preparations,21002,INE685A01028,TORNTPHARM
Torrent Power Ltd.,372076,L31200GJ2004PLC044068,Conventional electricity,1.0103E+14,1,"Electric power generation by non-coal based thermal (e.g. diesel, gas )",35103,INE813H01021,TORNTPOWER
Transformers & Rectifiers (India) Ltd.,252938,L33121GJ1994PLC022460,"Generators, transformers & switchgears",1.01014E+14,1,"Manufacture of electric power distribution transformers, arc-welding transformers, fluorescent ballasts, transmission and distribution voltage regulators",27102,INE763I01026,TARIL
Trent Ltd.,253375,L24240MH1952PLC008951,Retail trading,1.0104E+14,1,"Retail sale of readymade garments, hosiery goods, other articles of clothing and clothing accessories such as gloves, ties, braces etc.",47711,INE849A01020,TRENT
Trident Ltd.,4709,L99999PB1990PLC010307,Other textiles,1.01012E+14,1,Manufacture of textiles,13,INE064C01022,TRIDENT
Triveni Engineering & Inds. Ltd.,254532,L15421UP1932PLC022174,Sugar,1.01011E+14,1,Manufacture or refining of sugar (sucrose) from sugarcane,10721,INE256C01024,TRIVENI
Triveni Turbine Ltd.,254594,L29110UP1995PLC041834,Boilers & turbines,1.01014E+14,1,"Manufacture of engines and turbines, except aircraft, vehicle and cycle engines",28110,INE152M01016,TRITURBINE
Tube Investments Of India Ltd.,385601,L35100TN2008PLC069496,Steel pipes & tubes,1.01014E+14,1,"Manufacture of tubes, pipes and hollow profiles and of tube or pipe fittings of cast-iron/cast-steel",24311,INE974X01010,TIINDIA
U P L Ltd.,215829,L24219GJ1985PLC025132,Pesticides,1.01012E+14,1,Manufacture of pesticides and other agrochemical products,2021,INE628A01036,UPL
U T I Asset Mgmt. Co. Ltd.,331851,L65991MH2002PLC137867,Asset management services (mutual funds),1.02281E+14,2,Management of mutual funds,66301,INE094J01016,UTIAMC
Uco Bank,256249,,Banking services,1.0201E+14,3,"Monetary intermediation of commercial banks, saving banks. postal savings bank and discount houses",64191,INE691A01018,UCOBANK
Ultratech Cement Ltd.,125123,L26940MH2000PLC128420,Cement,1.01013E+14,1,Manufacture of clinkers and cement,23941,INE481G01011,ULTRACEMCO
Union Bank Of India,257360,U99999MH1919PTC000615,Banking services,1.0201E+14,3,"Monetary intermediation of commercial banks, saving banks. postal savings bank and discount houses",64191,INE692A01016,UNIONBANK
United Breweries Ltd.,320945,L36999KA1999PLC025195,Alcoholic beverages,1.01011E+14,1,Manufacture of beer,11031,INE686F01025,UBL
United Spirits Ltd.,142526,L01551KA1999PLC024991,Alcoholic beverages,1.01011E+14,1,"Distilling, rectifying and blending of spirits; ethyl alcohol production from fermented materials",1101,INE854D01024,UNITDSPR
Uno Minda Ltd.,146439,L74899DL1992PLC050333,Other automobile ancillaries,1.01015E+14,1,Manufacture of other attachments to motor vehicles n.e.c.,29209,INE405E01023,UNOMINDA
Usha Martin Ltd.,258946,L31400WB1986PLC091621,Other ferrous metal products,1.01014E+14,1,Manufacture of wire of steel by cold drawing or stretching,24108,INE228A01035,USHAMART
V-Guard Industries Ltd.,261187,L31200KL1996PLC010010,Miscellaneous electrical machinery,1.01014E+14,1,"Manufacture of electric motors, generators, transformers and electricity distribution and control apparatus",271,INE951I01027,VGUARD
Valor Estate Ltd.,377122,L70200MH2007PLC166818,Other fund based financial services,1.0224E+14,2,"Trusts, funds and other financial vehicles",64300,INE879I01012,DBREALTY
Vardhman Textiles Ltd.,135967,L17111PB1973PLC003345,Cotton & blended yarn,1.01012E+14,1,Preparation and spinning of cotton fiber including blended* cotton,13111,INE825A01020,VTL
Varun Beverages Ltd.,262869,L74899DL1995PLC069839,Processed foods,1.01011E+14,1,Manufacture of other non-alcoholic beverages n.e.c.,11049,INE200M01039,VBL
Vedant Fashions Ltd.,471269,L51311WB2002PLC094677,Retail trading,1.0104E+14,1,"Retail sale of readymade garments, hosiery goods, other articles of clothing and clothing accessories such as gloves, ties, braces etc.",47711,INE825V01034,MANYAVAR
Vedanta Ltd.,216946,L13209MH1965PLC291394,Other non-ferrous metals & metal products,1.01014E+14,1,Manufacture of basic precious and other non-ferrous metals,2420,INE205A01025,VEDL
Ventive Hospitality Ltd.,347736,L45201PN2002PLC143638,Diversified non-financial services,1.01044E+14,1,Other non-specialised wholesale trade n.e.c.,46909,INE781S01027,VENTIVE
Vijaya Diagnostic Centre Ltd.,399833,L85195TG2002PLC039075,Health services,1.01042E+14,1,Hospital activities,86100,INE043W01024,VIJAYA
Vishal Mega Mart Ltd.,589363,L51909HR2018PLC073282,Wholesale trading,1.0104E+14,1,Other non-specialised wholesale trade n.e.c.,46909,INE01EA01019,VMM
Vodafone Idea Ltd.,36278,L32100GJ1996PLC030976,Telecommunication services,1.01041E+14,1,Activities of other wireless telecommunications activities,61209,INE669E01016,IDEA
Voltas Ltd.,269920,L29308MH1954PLC009371,Air-conditioners & refrigerators,1.01013E+14,1,"Manufacture of air-conditioning machines, including motor vehicles air- conditioners",28192,INE226A01021,VOLTAS
Waaree Energies Ltd.,16535,L29248MH1990PLC059463,Other electronics,1.01014E+14,1,Manufacture of other electrical equipment,27900,INE377N01017,WAAREEENER
Welspun Corp Ltd.,271523,L27100GJ1995PLC025609,Steel pipes & tubes,1.01014E+14,1,"Manufacture of tubes, pipes and hollow profiles and of tube or pipe fittings of cast-iron/cast-steel",24311,INE191B01025,WELCORP
Welspun Living Ltd.,271515,L17110GJ1985PLC033271,Other textiles,1.01012E+14,1,Weaving of textiles,1312,INE192B01031,WELSPUNLIV
Whirlpool Of India Ltd.,272097,L29191PN1960PLC020063,Air-conditioners & refrigerators,1.01013E+14,1,"Manufacture of domestic electric appliances such as refrigerators, washing machines, vacuum cleaners, mixers, grinders etc.",27501,INE716A01013,WHIRLPOOL
Wipro Ltd.,272724,L32102KA1945PLC020800,Computer software,1.01041E+14,1,Providing software support and maintenance to the clients,62013,INE075A01022,WIPRO
Wockhardt Ltd.,272854,L24230MH1999PLC120720,Drugs & pharmaceuticals,1.01012E+14,1,Manufacture of allopathic pharmaceutical preparations,21002,INE049B01025,WOCKPHARMA
Yes Bank Ltd.,354608,L65190MH2003PLC143249,Banking services,1.0201E+14,3,"Monetary intermediation of commercial banks, saving banks. postal savings bank and discount houses",64191,INE528G01035,YESBANK
Z F Commercial Vehicle Control Systems India Ltd.,374456,L34103TN2004PLC054667,Other automobile ancillaries,1.01015E+14,1,"Manufacture of diverse parts and accessories for motor vehicles such as brakes, gearboxes, axles, road wheels, suspension shock absorbers, radiators, silencers, exhaust pipes, catalysers, clutches, steering wheels, steering columns and steering boxes etc.",29301,INE342J01019,ZFCVINDIA
Zee Entertainment Enterprises Ltd.,275062,L92132MH1982PLC028767,Media-broadcasting,1.01042E+14,1,Television programming and broadcasting activities,6020,INE256A01028,ZEEL
Zen Technologies Ltd.,275155,L72200TG1993PLC015939,"Computers, peripherals & storage devices",1.01014E+14,1,"Manufacture of desktop computers, laptop computers, hand-held computers (e.g. PDA), mainframe computers and computer servers",26201,INE251B01027,ZENTEC
Zensar Technologies Ltd.,275305,L72200PN1963PLC012621,Computer software,1.01041E+14,1,Providing software support and maintenance to the clients,62013,INE520A01027,ZENSARTECH
Zydus Lifesciences Ltd.,41246,L24230GJ1995PLC025878,Drugs & pharmaceuticals,1.01012E+14,1,Manufacture of allopathic pharmaceutical preparations,21002,INE010B01027,ZYDUSLIFE